排序,标题,热度,链接
1.,扎根中国大地赓续中华文脉厚植学术根基,,/l?e=2f41kzTtd6sOHNB4A6vwjDx1fmdSH5a%2BSXI8QQ2XhgJ7bzExvv%2Bv6GlG5AK%2B6qBf%2Fs8tBKajcmdU0X3EoLQelbtLFsETH1yKAcGuWm8%2BUT%2BJkT2fzPOI5vtHiBr41ijI06L952O8DxuC1ZJxnuEKSveF97cedn6ONCZmFVBT0zaCbmgkTFz5OJiQMedmlD5OmWcD1c8Wv5DIGCZ%2Bar02%2FJns%2BssxOMvCciVpmPP1JZ2T8G%2FezE8GDuUNtqb6GP2lreJU2rJy%2Fe88m1RP0OVtRZuKYglXUoNFaKHMhq809YDAeBqtrKf6IkOSQzgsjB0irM2oeAHLSL5Dwh6%2FhUWVCA1Yrx5vfrHocPlvgHpJ5hfXm%2FGwa5nEE0LoUNZPe12YILBTw%2F%2FU%2Fl2IifKeN5gV7fgDwYIhCeFCFtYMa4WEPE4VYOUtmF36IdIqWwKs5lAmPM6WnC%2BTllN%2BEfIxJrTUfVS3AQTzCDj00VTVCFvZqXvY
2.,外交部回应优衣库不用新疆棉,292.2万,/l?e=7227dv7Bq%2FW6ZcUlub6EP0NRMMGGB8jvFYrV9IaQ%2FA%2FM%2Bdebq6mocD01PSyZo8y%2FHfZQamXyGSwKiPHq7H6TiyTwia7j%2BVQYBghRWYJGRBh38l1O35BWxd0XXScBvBurzYAyNl5VJk2O6Ty9TfubCKB%2BeG2sBh7bUkwhdewO00kP1H6TV9tU3pzr7PTM%2FhXEtuSlEOev%2FU5e1oEqSPaT3N7b8aBgDiBDDIIwluW0dfp3n%2Fi8yQqYa2jdVrwdmqQ9yLRr%2BRHd7FMNVEXbEPa3kZVdxQO8E4hSF8v8RQzM5tAQlapiG6kGh4GjsfbkBb5jN%2FShK1cn4Hr9wZDtSF5RcVvqMWg0BTKeq7egTlH86x4%2Bjo90ak557raZGCqgx5QiDv0j4LQX
3.,春晚官博回复檀健次春晚相关,晚会 896026,/l?e=46bdCVfW92nViNw%2BggcwoLEBcuBRQaSqt7ijAaZ872jfeTt1QhkLf9dwIMXMsqQIGArrjUL9qGN7o2Sfcxtxn3MhCMCe2yXzO2ByUqIWqLRJ8rDuhp4cB%2BterY%2BoRDGxjLWD6e8OBQ4qCsYlqMi3uhR4o2%2BRj4F3cenPaqo1LSCq6gt0zYssXB6YpbqFdl%2BpC9OLD9IKELli0Coh9g6qz7aM%2F5OQwib5doUa6Q%2BLTU30T3cL%2FkLqqcb97la8YlImlxRvgCde41ftPxEtvWVdFfHV1mm%2FsxfSoQoMVvJa37VFiz9EPcj9P5ATm2UhNqqwFbLHHOPwnfM%2Bk92G1JgYjrpJUlw99%2BhX%2F7KYFhF89W7v1EGFlqcsuMng6wONZCTUX3jZPcu%2F
4.,100秒打卡第二届链博会,77.6万,/l?e=ae32sssoCnlfeuluLtIYuc336kFY5z5mBGJ0iH13uW9fRYvg05bQT5VlnLOshIqIk%2F6QIuDBrW%2FPbULBBEmsjCDWPgKIKzFSCsoT5sw3lcjPVYjtsogqhL9oUVTLBUAKX80y1D4hzHBg%2B9PMQgHWh17nutyoWx3EY%2FeSw3frSqJtbao%2BZVRy52XZznhGlwkE1t1aHhyue1beyygFUQ%2B%2Bfo8no%2Fr2ZSsF5T8WLLHUzLK0zbwAeEQQ0eI%2B33eSbGr7LFHkNjRPcSZ2H2j%2FDuYBx%2BlSXMvMQkHeqL5vXmWS72PR9Aitau5waaIallOk
5.,韩安冉称do脸模板是赵露思,74.6万,/l?e=c2a5rUkrHUlG%2BEJHoApfhpc3JRw42VAVApaq%2BsDJoERCFOR%2BHL3km6MJUg%2FJP33NUg4pq9ocY9%2BybU9tsPhTELLEtHIC9oVgIuYIqcVLEzAflxUn%2Fh6rfGr6BvGki8OPwpXoU8XCSbXVbqhmYUDtSirmLFCyfjtb2X1gRLVzb2gDQ3NYGuUGt1y6LJLtlpBQlxAk64b6HYYj%2Fdnn55Du9roPNvSYdZXh9tUXo9IJtk5cRJREw1Pall64oQV4Nv0JmSn7VxtqgBl9uL%2BtOEGctCt%2F%2BBCvhwfEd4Gyu70coaC%2FJ2SYWv4WVIflJuzABjd2tKf6cnY4nGxhpKdIKpBjOzws%2BABT9nZSE7g
6.,巴黎世家售出8天后要顾客补1147元,58.6万,/l?e=a741zQNkXX6bvCxBhYCHcLs5jjRiWqCsbnhJMQzrx6S5SnGNwYR55xaVQJ6C1cqXvJt%2FFbOJ00okM3a4XqbdWpcG%2BgNa6Msaz8Zylw%2BVhGyJljwGX0eHJveCLrvdgVu9qyjkcANq4ek3XUSpi24uSNHmK5ZaKye51qgHt88TjAY49yNK9cxILrBZdfsijrgWL0p98UPN9Eih1q6%2FjOfTXuxseULvqiJlSXfiC18botjrdZNL3VzkNc2dsOEOxGQSZYSc1HTjF56OIISvc2ztaesSgRjnpvRM1xg9Gg9wKEDbUF1Ah5wFuNE2B01w79o50WfU36XPGBfStgtfXCkhZQWKdAGFQyQUT9dRmCGBlfVPVYBRG5jmfKeaD0QEHGQLoKGYx8OgkWwc5EI
7.,印政府还在用被封杀4年的中国APP,56.9万,/l?e=d1229NWDtlY%2BuilG2lXQJ8gDhT6uX4yDSBmTrITZsnHX3bheXoUVZryqrOku0t49%2FBlrOW03OqQbSTJJ%2F69dgbYnuwfRqlOgKfuvBUi%2BmNMfkzPMX5G2IdLwJBiDWYyfCGo6apyJuqDjvl%2BAps3NQzKvtEbNJcOZ71XuZtqLlQpryOIWZTRSMr7dwW63ExzasDyuM2Rusufyz5w3wwhyqvUjWLJ5gl0NRQSl7nOqQ%2FHE5JXlk7nUF6WUiXCK6k9xIEltSe8D8GBlBwYEis6hQKHHX%2F8jMaeJuG%2BhkprzDiv9IQNzcbRYyUhJybEOILBK%2FKMeGeBXJHdA2kfJ1h2km61RHMrkfr8WUaGsF7k7OUBOujQmjkUpmwOyl%2FMTEsDDSPn3G5I%2BTB6SYw
8.,霸王茶姬暖谷过暖冬,,/l?e=13deZ0wVbbFS2az7i%2BulHE%2F3Hnm4ZwXDhTvnn2UxUGrftaJ3JqEy5MRHWeqRoesSLNCLwVHNPhcsMNc63h1Pd955Np4Gki%2FzNlxwS8P6H%2Bkh7xNvvfxZARvWb900fe4MU1iv8i%2Fe3Ckg0p1fPrfBXhslmZ%2F7p1k6BY5%2F004M8%2FXpLsnQ5WQa1HEXawh5AG65uQmfZ%2BbQ%2BMD82nGVt2k51u2xdCsLH%2FJHJ77x7prlKq%2FejbGtpNbjjUJ5N9HUtuQ3eyHabZaJvPM7335%2FSmKC46vcf3iKqy4e4zqyfQrPJakTGZzBtFFNMHAJ
9.,鹿晗回应喝多了,55.9万,/l?e=b8c9VmCstc51JvVlF%2BhYluW8Di6gckn2vyX8gpfhr0s4AXnfF6ErJJ9oEmbwdi8B0p9xIcviH3B3f24OlRn2VO93DZu8aRvisZhr8H%2Bq4z8znZhT2Ndz5iXppkTUaIUvtr7KUlcFavzKBCIJMsA%2FWNO%2B3NyX3k%2FjJQQL%2FT8nfPMcxiH2r1HFVkaTzI7DvvwX%2F1R2hz4NgLDyU0W8EJQJRf5HyCKSHiLPrOjsmSuCPUr7o6mtaqNjzb77YTV2fhBD9X4MNutohDnzMwhs
10.,蛇年春晚标识有什么寓意,综艺 541911,/l?e=03adXLzpT4e2ljWLC7Ox7jJ6TP93hISDB87r7WNL37bwEwTFmLMhTvTtEye6FamwUqnnA8KcoUTQKP6bISid1VjvLFR3qzhGuJ%2FK%2FgkmqBfP6fJbYZ8tclbRBODgDzner39Mx85Af34W7pp5vYoqy8ZMSWlyVwhBJWn6Bbc3%2BsRNczCKQh7y7IqBy58S5nX1zr8ld%2BNMKn6jFNZ5KN4rscKEexGkRiIbxobrw%2FIWD%2BLC7dzDGI5y0PAb%2F5m0S4MB2kzmHrBjah8N7po%2BOLeIL8CN2dqLLdJaYlM91YQkzOkyPGqO59Ewwo7vNr%2FmwL06V9DvxKm8Hw9MZIxLFUOXEfBA3o9Qo%2BCU
11.,A股三大指数11月收红,53.3万,/l?e=fd63g8T5M1C5Vo9AgqJ3fCLn9EV%2FPEfWAQpcSV3s32YtLdmTXUvRSNFZPO0GYEeokR%2BpO%2FESS0wS5BhlgJUCvmv8nzHqPUb9TytqMc2xJTReS6xFlj5MPVwktEQqDnZ%2FUM8jmy%2FrXZdJDY4u3l8qv0e6XElXymZnvW4fKufw0sCJQYNRvaXGyJ39S2xvOGPozJJPycMsSXOPWa1fOK18RyRCra%2FUlE1iD2Z16rv9JAETa%2FCqgmUti4DYvzesvr%2BfSGsmndFEFJOLG877NBhFCrV00q%2FPPdCiszXYHpDj
12.,43位志愿军烈士遗骸今日安葬,48.4万,/l?e=1222mS%2BMtYgraTn6oOIf1MPEGkFr3V5EuQfX7xrlJqtqFjn8YamruiPJ0SvnLVp1a%2F8jEU42Vav7uJK72XJMxUhz62ynKMP6u87892LmR18d9q6sdKIYCVJC%2FuzDTQ1jBfGEB0unH5dPIm7vELKTTEHiFA5tRNsw7r%2BF4yevmWAwD9Lm0hopETmI8sYSv37JgPVd8DMuRzeUMLFJBJ%2FLstTdY9boOErOTYzzr8RauyM0t%2F0qOwf7zfh2UvYDV0XD4EkNv8xTlCQS5AZioI1OLgHmXRmbaQ8fLAuyUtCRisGTOIvrUKpiMZ0Q9cHr4GUWIRrM4C0rD9VTpByCphpdLWpHKxcgKI4UwgGPhhJwBNsmXo%2FKV6aPTqw
13.,安以轩老公被判处13年有期徒刑,42.8万,/l?e=f14eaum6GVwg1Z4S4nholrWcVdWkk6qmQp2XHe4ABZzoq2O0eCTqPmUHvjVh%2B8tB7j1d0ubJLYizCZpwv1gMiBV7QHktsAks9k3IwCoFKMpH6nJl1p3QO8HXyzdp9qSoA86bNDI%2BICUysF17ptl4LtUj6pJfDubkupxlQE17cJ111Jg1erXpFoBB2iqKNoSFIZ0irnidE5v5xans0cYgOWTqOuq4cYUbD9pmpXzR3k0yjbGbVErgBEpXcH5Jr7yOcSY76JmnOltTIBwc%2FLsp7wVkdi0rcBQ1MWRPbU9mg%2BptI4GSF5K0WrK2H%2FJDYKXzi85lNppWcqD%2FYTbva2HnTQQrCx%2B1Oc1hk4IKDcw4qRRrk2mdgENBV%2FR%2BGXRwuFD8yn0suUpZnNE
14.,鹿晗比中指,39.5万,/l?e=29afndfI1WQd3fNRgmDQfNSOvbajhKv41F7%2BYpjlPeBNuacJVltWkPQ9BWLQq1X9xIw7nV7gPH7j3jVXgjXl8G1YwLH%2FTz158LxVLl4yG2htbFresEDyBqexNMgPqbgwHPJJ%2Bkjwb1SVujg0nCqQVkV%2FRZQsjrNOI4a7xZAzEHXD%2BeXQXFeeLnYhiaoG4wZvA2MJJva8j8iQBEJSTO%2Bow5vDYD0mZ2YN6FIXUWlx
15.,导致胃癌的6个高危因素,38.8万,/l?e=8689UGGsoJfMCCYGAijrAZQXZ3j1CKW3LnQfIjPItT4ni3L%2F3a07QQ3IYADrC7QIiIUvMBQwV1vL%2BO%2FysFb8kaqW0ypShBqPz2mCcyXyVe95g1AKIqqJ%2BRCUQd8h0qrM8vJlPY31e%2FMM7RDxIPSWmBqcjBcrvcvoNLRSnb9rY6fyayUZKkgSCGdNM6kpFlrvYNy7Fw9bYVzQLF1hM47l48Eo3bvyaujCQVNDTq5IVQ%2BqNBiDtTbXjNk7W7fbAQ%2BAAkQweX%2BdozkUtTU1wIZu%2Fe4d1HdUGllnXzKv%2BOI%2FXt3J0MaMPocMx3JbVNkoz2hdgdIni83LPaLfgA
16.,韩国人的精致穷,37.9万,/l?e=534aHMbYljYCeplSE5VrPWnZ0NASiVsr3lz0pqg%2FUKQkNTDRBZjv5vTQTutXm%2BEVbsb2dN%2Bbb%2Fkyj2fruIeFW60niM%2BUXnfs2a6ub0ZmkYdYxK1AansxqDu9abmtUS%2BvYFzobG7%2B%2Bfo6LBDWEJGZ5u25f9c9Etxo%2FDQ8nFzGI6Tnc2KN%2FLthOmlojJ636kfQvFZVZUnRhpBWvbZkD%2FDi1xtmC40SiOd1jXZTFLrQHdSOznz2j6kMCqesVogt7Ij6xJSwEAM3NCOrX%2FRC
17.,17名男女KTV聚众吸毒被一锅端,34.9万,/l?e=9788xP828HT%2FkM%2FAszwnn91BiVHYvTpFdXuAer2v1kkv1cz%2F5SPsbD6z6lIuwonkxQS5kO9NkaYaAU45cPiN4pNxO8IauEvDKSIjRfyoGICEtUV3nAi1KoLc3o2PftqqBRlORA5JJ2O1pb9kXRnj1wY7ASp7utMzNzbXyudyjWHmYc3%2BclhDL6ZW5yWxtyFu1VZz15aMegLUOK%2F0T7TdDriu35cY8XDSTbCmt2Y5hltn2%2FDjHgRMlTslGPBNO0qEGbnicGpMIxK373rmVqnfpdqlMpd%2FIvKywXmzqoCF9X5S5Tnfoyvn0VtMZ6pEt5CRsbwwsQtNO2X5qZi5WQ7H9gxbOYMZDh0bc9LJH5c
18.,再见爱人4第七期视频没了,综艺 295813,/l?e=8704SVGvTOL50qHIdg7YIZHt3dq5tLnquXV6Og32XmmMKzjDJ5tjjDxmA7lSzi0wOvbmqJw10dN2VC64kX70h7qHtspYla5Z%2BH0BEBiWcdidTGZVtP1Zdlkap5usDc4EphD0f8Bb31MNjo0UlduxaesotlL8U%2BVUs7Pw3iB3pIDP88aZ2R%2BYJ%2FxgP2gKShbX55IcZhdzoON6i6VpY2UQIrnLHfOFBs4DtfC4jOwWFtSDQtd%2FuHNoS%2FdimFKlbD7WsvLqOWky1HTUDjML9EWUH8KMyXJHxaWQocO%2B3twbQW0pnkdjyA%2BqLx20to2mTD6aCxJrl89f9dW7fgzwiD%2BhGdVjc0Ox00MraA
19.,黄雅琼回应郑思维退出国际赛场,26.8万,/l?e=3374UNOL9Hc9YZc1v6khr0UUgOfrSo9WT4chLaxCwgnAZDm4%2F85x3qv5RL%2BmVdXudl9aDf%2F5VKpjtH3jFQwcDcjcqPcTkwR0ZV%2B9QfcybOm%2BiJarX6eBaxevEJAjWutOB2DS7hxP8%2F%2FubCm6okVUWcHI9xCLLz0d3puZ2qJwpmQyD0pXCeYmO0RvMRS7cgy0gSoT158dRFuyiUxRYKqI1V7xuzSGXSn9Sv9ZDbbTsZXjrOVd6KGW6TgZ%2FjaacKiGvVNNEwRyinApy5qff2bebJIEKiz9OHQvpHK893VIhNIioSsUE8tfNp4LEmwtjAweMrEzqcl5DLD0jKqOMT8ZJ89%2BjtHA0dQteoHiAkTK%2BHVa31gThIuYVwXMTBycavA6K25mRggnDXmVKUeLQfYm%2Ba%2FjxLJ5
20.,蛇年春晚看九命相柳,晚会 249974,/l?e=f696mO2VMpunH8hfon1ybO0ttXx6TcMw%2BM5tGwRZbcUSXBE%2FY8EHazV3e7yUKgDgV%2FelIWzZjEncxqkcBX0UgmMkN%2B78WcvVOItOqNfvjveEShbNw64TlTZUZ4uXBcjltCd4XmaGi%2B%2BjDiHXHd9aR1B7YqnpQHXsuOkxM360dL8T3N5JljeTE%2F%2FQu39qReZnBvxKCL%2FDXAGZS4o%2FtuwbScuWQJV%2FlP5t%2BwkAeQI7n89A1wzyYQ3ApFizmpEjkRLHxygr%2FGYlsxfYuKk9fKS8P0pOdh7IyZSwDBHuHzVUGQIc4kObi7mLTxYT
21.,张婧仪眉骨阴影,24.8万,/l?e=f612CgPvpsfwHtOSCrcTxythOapPGolm0LEsaIkEp7GKrph2ZfVxsI02S2MfZIwaDX9QH52dK0PSpDlPw%2BbhapcRLqqps4hnbJShM6z6jTPIPd9qYJAETpChrJl1JWtNGdKiKmyZoA5CMlWeE%2FKRHEVPrOWqxTdeyve9E8Aiu0prOmuMW%2FsCUKZ1BJhodqdlZJAvmFDwCRjoCwSSOlyxEWtKDye%2FAhrIAozURrNrgxNmFLbEF6eOrz2Xyjs305C4%2B5aabcrmDaz9lPbw
22.,官方公布冷藏车厢内8人窒息死亡详情,24.8万,/l?e=c9cc0iUnM5XrVPHvNlpnskHbefS6Zjecognq2vn%2BDe5tgMpnNglffyqoTrVm0WIjOIEm4DVuK5geFdrAJrqiMYeOhfKu0A6TUqQXfxJLJo4Mn%2B7FTi4rGy%2BAOqWPcqwBt5qAJbMh5vHQdBDxl0IT4k4WNbTQBgUB7fFZxt%2FGSIi7pjstZ4P6RGLvjyqX7LY3g6JgVEpc9dJbNfaDXaowlj1jiTsiV2aUPa3xw8u%2F74cxtB6I2QjPifruHoXBNvv3QjEjQffULY%2BXJ9pohLqSq5aer%2FAN11h17BEKFB%2FQcXtJQS%2FCNVZRt5%2F%2FQjhFMy8q%2BcJ3JUShoUZaia8rJFJPuyC9O7LEmpOV4FtnCZGzQcRomP6NrnD7WZRBInYPYzgVzTaa5uNpdHizuakbCkxNiTCJrQAi%2F9D4tUXaz5YHw0PcjJtGgro5rNY8rMo5CM8hgZfw6A
23.,中国游客在马尔代夫潜水遭鲨鱼咬头,24.6万,/l?e=3452ZkywriILddKWBNqB3V%2FyB7yp6wPS3SpVBCWlnXEyEat5xWiceS8eTRVuKYAHP%2FhMiVw242dnakmmDfaU8yd220br0LAK0g7OQX01J2ymCbVCtlpIRGSo7vQ30hoRtAwzq13kwhZnFfIw622AUPSYM3Mfege6WupTqt%2B5%2BMIe%2BcpnT4zGKfBIOVIB6z7KL%2BRO10HGMhQoRPsC3flD7ub5F38mtURypDqyAPCQ%2FSvCCKvfXvniTUjTG7uGKJ9A1g8vYUQRUhVhAlZH3g7s1POyettbS0F4PfDMQvbKFhnPYkfDxErVCtchW92VhC0%2BJXx28NaOpnEBOzN8JwMfiNJ9%2FeZWPTjUeIwa9BX2zULDS0nMFNYP1rhbUA%2ByjvCnE1u5lHjUsZdle0%2FhORUlUJ3ctAgznpdakiOwYNHxvWw%2FgwKnwl0b420nQ4qdxnHK%2FeoA
24.,周密把周芯竹买话筒的钱转给她了,24.0万,/l?e=34f7cBH7Ts%2FMpTB8Phf8kC2kRkTWQtaKUqyy5LRMWgCc%2B4uG63Z3EmhvxGv5DfvIDeTMVnwpa0WJ8x7UhdJmOjBZU6mC%2Bizs10YO07YnlqK8X34LdjINQ%2FZbVbOqbV95MootXcfLNiG%2B14MhrZy3UKgDcPABSjYdaAoJjU%2Bn8h6kQiMAWgFWvVaAgS2JUWlQHRIv6y4%2FZt5YR1cOSPkXyHCg6dw5KfqCk%2FpwJzjcr6Aii209R%2BE7QLXZxead35HD7bd8adlX10aisx7%2FoE0dDf%2BlkyeqEMhfT1QG696LorrLN8iD1%2B%2FWZ9s%2FIqPuslLapXbTOpdk4iKgtytyWUqxZb2laKdojH%2BgiS0XOD8Q7tCr9shwbsoHqJ3Dq%2BkmquCi3K7gKLqZQLmrgaDNFMPTqKis%2B0Swcxt8xst8TlLK7%2F2Yhjte
25.,樊振东对郑思维说风正一帆悬,22.4万,/l?e=29c7OysJwh9vZDGVPWBmBRa2toytRoyCKHOFNv%2BC3B8n4DGaGN9yHON9%2BfOMz3iPXrLYjPP%2FF5ZCSpIq3GGygRxIKfEINUG4oDhWJc4gW5OdQi600CIT6ucBsKUwJc0ilN9%2FXCwXIp37xCPZyhI6c45YsBFzG6%2B9lOthoTdrvE%2FyRz01RXtFwx7ut%2Fx0fRfOXUTf3jQkNMVUWHdlm1BPQC6LDGXMckqW14NWLLh0tU%2B823SNgNNeuj3Rm2o8ElPPp6n6PscOVZVv6%2FCpfnYmbzPfdgeHgsxN%2FPR7IXnKvc1tdLRZr1OlHWFVSJI%2F97jrT4m74uRYqObK6sw9zIReoNUL4e12d1v7S7GsX8nfdBSZ7QhYvGlYRD36NTt9XnGeXqLb1jfR
26.,打游戏一直稳是什么体验,21.0万,/l?e=4939ZNvEccEMY7lo1DUa9IAq6xIBPUV7jx4UCcLKQObThLsPzsk2TQRbeUMuMUKUDrQp3ANQi9vKsYbWSvU4wpZQ3JGKVDobYOwrx6S5pX7kTz0ZW471GfkbTkfZPG%2B%2FMZacE%2Fih3hZFrDWr5vJ6vJPbODg%2BMsWy7yAEcxlZhgP%2BP4Jsk0zUhU8YkLlHlY%2BpOeJLIjsNRNBm5kU%2BnxKVGrFisGj0SOv7kyHVJDzePBB22zlrG6ta4PFfOTzAgFcolWEtjZ3Mh8GeqlXLwHf8BNtUZ1UFq0DmlA55OHCj0BdqGgKzpJRR95OX5lX5iWHYGDFbRkqRdknfbKWGKt5Q9izttLaQXkxR
27.,逆水寒,21.0万,/l?e=a3426C5KzzAOq5nKk3BDjfsh8hX%2B3uY10L8tE48aKjUfIPIL4kMgBfzjwtZSHZuoYMkJILCMfmKYBHcxaRABdKDE6iBByoMfIcjXxBXZ%2FA7N58c%2B73Ij0csSSoFJH6hVYxbpRGvZa9fHIafCy%2FGgRcEj4pf%2BQqJU3UKW%2BoaYe8XmrcuP9L3yd47fTGVCaSZo
28.,美国女子抱婴儿袭警母女都被射杀,21.0万,/l?e=3557w07ymq3JN%2FbqO1CkzUoDOBg8dAdsrL5ntQH7GuUFnE6loLpPM943HXQMK47vWXxiEmUeyPSnYKSLonz7IIuTIUzXkT51WF5x9CQ2gK5kXSyKi6%2Fo5GDbjfSpXyzCHOl45yI%2FgTNdosZPUS0zpvt%2FuXHU2pkAsSQzBz0G35OjiVN5L0%2FBEuzIJhRYuOGmveTZwMfP1BenLH0N1Bh0oebaX9sarqksL9tFqm0XrkIElK1jYd29GxwVhulRny6XAMAb545PBwLjqcW8uLow4TR618TBnmjL9sTUJDMNqKxWy%2BHs2aSZMh5pswdWT%2F5uuUkcEEdIw3eO1otcXmzxJ11VjDs2%2FUh%2BK4nlsZj4p9iI4IyD9WjC5SGo4zS9ccw6380ZPndp%2B55aNN6s7gsHnpE0SYzHxFgNFrmLsXONznGHQASW
29.,丁禹兮把阿姐听成安检,综艺 196999,/l?e=9085OZ1OzQcvNnAlBIZGs4Ym3C4gkDKl55Dizg%2BnFjULlKuqbginR9a%2FH1gDBZCHu1vOFfyi8w9KqWzQhxmVAHY3ekoKbTFLuaL26%2F1iNFdOJ69nN6m%2BfIFgjYdpqkBRGvOAq3b7Uasq3u6fokd24Bbo41sWOZFVWBz4soe4jbVlTXeJr0YzA7aNJyt4y%2BptOaGuMc6nJWpvwN3AE5CVjYQM2tjUMSv0PqbbZ2tFSD9d7OwtCmMbOITc9zZY0BPoKIy0OJnOgYyYzl3ZibCbdvMANHinAptbhWOZmql9grrIgvzMUOF5TIW6vxLlUl1UBMWHtB0T0Bdc
30.,冯绍峰接想想放学回家,19.6万,/l?e=8947wmrZg62peLmjcYzcjo%2FdASHMXC3mJ%2BkZqp6l542nZumze4TwYZvF%2F%2BGPEOrg%2FHVzJEcn9oWOEbuOL9Mq7tqjjGdHNSzo94Cmcuv6GvrppTvMaw8I33XrWLbngWpnKDToophOZx3MsOTnBXwQg38VRNfS63xZGBxw0DsX2qs1gWKdSO08oJyAwqn9cqvi32WX7965N3YUjmsSKptIwEyYsBjxJXc8jYdIXvRQeBY9BiE395ylPFuOcOnnqch92h87m5CVoJFGXrWm7wwJVL5ZD1ZPvCadTVvsgFSyyg2dmt%2Fo7QGCHqv%2FO9ohEKhxjKgYFGD6QxZZ
31.,林一长沙活动取消,19.5万,/l?e=bca6vTuJm7Jt%2BfWnvy%2BznGbsKgCKN2IBGjHuiZs1rHXhRkLV918nDb95iXJkjavvJYmGvmFA2L%2BjfZyxtJFDkUI6zPEh7H4EW9Bh%2Fp%2BKY0hzjfR0JI1075zgf6Ob4%2B5KpYFgF6TWpw46f0G9qix10ZqwlvbsjAdvKqINVgvkNoPkQAh6%2B%2FLuZzconYqKiz52qO0lKA77VtF5N7XBGunf%2FPJ4EWxCGfbcQKylfIaKFJH6U9r%2FV4Vy2x95vY78DSwgH65vTg2KVoOGzxBivTPvsn1LdyV5AXNLI4kg
32.,iQOONeo10双芯战神,18.9万,/l?e=88ddBe8XEgcW2YiCSP%2BzsF6m0BhVcDhTQoJWcBe%2B6E2knI4YDCRLMOX8FxbYHMl88ft%2BKqERgcmiWcdZuwJmlE%2Bgzxv9Ajw2QItRBvRKutBG1yBVepgEyvb5zFA9QajQoHZFhM3iNi8GHnttMrgxkgREvXc9FiPyqg8kwU7Q4%2FesYXbWgaA59DkWYB%2BuuDM3S7rSSRS1NJ3iZqjMWOe%2BPiMsA2PJlkhi
33.,优衣库客服已读不回,18.5万,/l?e=82aaQvnUYLNwB065i3IseCSXNXLdNH8QsMp9oEr1lPZYmJx5%2FEqc2KNybjuigEfJQTnRS7K%2FOA0tbwzG3MB2gMAKmjGiV%2FdvoG9Uk2p2BhxIueofM3OX%2BqYDQMiD44jq8MfkY6cEh8nZjhfZ%2BLuXXukUsucDJhlUrNCuwHPTs5U%2BbkguP8iT54PNpLu30YUFg%2F5kzIpscb89cAoxFz3dlLRk5pcjkRvdVG2P1WrvZu%2F53omFIrg9kFLadQ9X%2F4sBcMrJh7dVpVWKmn9DY33s5y1z6Nn8Yhmz6Wcs4fsBV7taz0nZNRFyxi9k
34.,女子在中医诊所遭性侵医生被刑拘,18.1万,/l?e=b921ddLmjvUfO5aZso0uMfsG4%2BYVm1EZi9%2FCvfKaI%2FlwJZcjU36tIRr4krNeKAG1p4b9Ho%2BGU8gykP4mfCaR948spgnhrFL7h6wTjVLc7LUxYIBSXkSFFsJHDu%2B5H9YqOxCIS9CUZJ8CbP%2B8KDac%2FytWU6Vk57kGFxXOTkHhnF%2F61tJr5zJU5rHVFVK9ytCZm1FCYWbM40QTzg1K%2FbVmX6Sa67tecEpKGeIRUgaCs6ETyvx%2B8dGoIfP8pWlLwCR24%2BPk25fKFcwK19pjjao4BlIqzLnRvqxc9OByAkXPpKToc9%2Bf9s9ao%2FgBE5REda1glyadaQGvmOfW6digpY6ywCoiilyJ1Fi%2BK4OdQAb%2BY8XQSRvx8nISc554F8h6yz6bfppA5jiot5Wu40heKcdqJ1pkjFrMncHqSENHdvbCwDhY1xFB
35.,新疆棉是世界最好棉花之一,17.4万,/l?e=9e86WirGbnb4%2BT%2BupfMj9N%2BmdMGTxsKGZgObJcRBfEt508SWdD%2F6V3QItjNEr%2FRn2yuHAeMMxuebgueen%2FNPs0yM4n5sm2IKzkYWAtBJD9QZ78eBdSdgGy%2Fw2esxJW1TTEfcqpy%2F%2B7jifOnm%2FPGuSvQDqKMzcXVFPZCIos%2Bk7DFd7PhkmMwFAfR%2BWBJWI4IVV8hU%2Bkye3mRFyHDlvksMLTPMiRbpdxVx%2F22xFUsXubGPOK9vowm8pGoiZSzJ6My3t6HyTOrzr9XUr1hi5TOyGtJiX7Sh4gZZ%2FuU5hOo5xuyq2DrUTmkSe1Vkv6zA4IGoBEoY3gyzX9qapulbf7fY9U7s916zsTAOAbTBOC0auBPnrWy216KX
36.,蛇年春晚官宣,晚会 167982,/l?e=27b86juvdnNNhtiFA8%2B%2BTWM5T7hZs44RECK%2B%2Bq58OugPw82YADNHxyqV03m5RLtBCJqpOZ0unBemOCU5iCWyw%2BGTEizuGva%2BL6h%2Fdo%2FLnDfuLTsO836SNkisjCsn%2FZhgRYHa8X7ALQct1crnJnOXEccBts%2BGbK%2Fda2opGg0c07DlV2R9x3URxQjp7oPy%2Bg3ZYoc9qNWAlmU2V3I0zV85wyuJbdopGXjBqMF8DUXkuYjV2cv0xCNOeayb7ukM
37.,为什么刑侦剧多在东北拍,15.5万,/l?e=a997gbndoOtxZ%2FIvcEtsjYDkj303jc%2BAdGWRIWq%2BesqdQP3XidGa7IHOvBV6f8pRKtRB5v3TO4xmTPRp9A7vbu0O8vhASxw74ubqQtDDc3ve5Vr69rS06PiWypYqiex3lYeC9O0kX7aMDuEaqQ7dcpmvdUyYe5nvBD8%2FWgThluL%2FBOeL8sjMethH%2BM%2FlMZaCX5xBDAEe1uwuFOJpfLkqgvBpQILQYwoezPJUB0JKfVeMuq8uD3BrzI5CWFEt%2F299UrdAplO58rQ8XHw1pHSxgAY16LDwvzgyHQoX6Y9EyqPJbAB7itXp23kqX%2FlLKTlk90WUlzLs89KBxfTRu%2BIlWElkvgfYv1%2B9
38.,王源头像P了个新帽子,15.4万,/l?e=ad5f6pfMpwdXvZk%2FKewOOCUNIFVQ7CMPatabLADqsvPZ6Zv%2FcZSQQ%2F4%2BX4UOAcCRepeX4UMxeCovCxK5azHgLr9LMD7BIR83cQxwm08fjcE%2BaV2OAtMR1nGF9Tmf5zuWAELpNS%2BWvi1%2BQn%2BqSZtUz0dW6oaLz5YequNmEgbIVeF1%2BtbSYwDm%2F0Km15zCmg%2FzbkvVdchHD5c0DRaJBnjbl3TG9YVYTQur3dhBmhv6YK3%2FRSRzgIGqblwen7OOJYlWfjsyhXrZoCwLWuS%2BfMkFBbLVC%2FzJwXEdSK7XzPrOl8VsRzjA4YmsN7PQOA
39.,辅警因为一次好奇9年后救了一条命,13.4万,/l?e=b203VZMPUUMktszO4Cbm0XEq8OelyXB8WZ2tYnBTdCU76R9wlFIfIXQTUptj72sAMQOeweqH5bFiJAMut5bAk%2Fdyx2MXcI5RI%2BTJ87cUkbxyWpq5%2FvS%2FG7fWPbyl823NnkSsgnbTIfyOs4RfKDdVd8HK838TT6MlByaNn7znQzNDqHW%2B5f1As6RhycNJx27q%2FQq6X4B5PvVFeZS%2BmRF6icOhQmBR7yFRk837zNyOsbwRIh0mJETzBJchFxH%2Bkxxvit%2F8MiKWx8uwgeeBok6aH1sT1clkMWDmB7SWH3Mye%2FrTpMrjo0Ej1cXktXQPUWYp55oS0%2FaJKtK1P8XtTelMhEHqyY08yPM834dG0%2FUNqSTMmXmWjtu0R1u%2FpWIiIFlzOdapfzRrCBDEN8eZPnfk5V40owqXEqnQF5T%2Fu2A17u0VwvrC4g
40.,年轻人买的水果半数是情感商品,13.2万,/l?e=2485GcunhzH89BkcKZSWJEZyC6PPPKTqBkZJDpLQ1Hcv%2FCFwySD4luWJUgrhqu8hBzxRH9o5m%2BjzjgCQPh5xV2h1BOkO0zEPFjTblGy7pZyKZVELo7NAFlDpiVQdmusi%2Fppl312mjatl41jAgIw9JGgVRNmhqCnt7w8NpG4U5053LV4cxMKJKcMpy5ls3%2FFR2TCltqxWUzmNN5RwwsnZtcvt4iF5Xs6g4PE%2Fv5AlbbS0Euh6gefpRolm%2B%2BH8RmE%2BnIE%2BvJvdEMZ3AtF0Mvxi8ApULAECZirhIVxYK43YTbbc%2B5sRSUQ62kuw07Pg8ZXefwB3%2BFKI3Uvh1n%2FH1slWaTyZUTVCxvECU1MfoGPSFkY1yH0thB4ItSljnXQQIKPDx8W4%2FvcRcNuv%2FVXboNapbk1pvBcN
41.,优衣库在华业绩下滑,13.1万,/l?e=0a8c%2B%2BENHyAM0GfrHoLyD4nkJpVhyeis6eCPTb6nYPiSz140w8tfNe3OVvnSJBEyBoH%2FtjxP0w0xxyAcSSHC0HGBtw1MbQ9WQvE0NLTlJalz6KCiAOL1KymrX3QKVOPQbBv2UvJ38wEvc7STnfs%2Fy5pvOhPMtWqqIkY1mf%2Bzanqfr%2BqzYHIwwg9jJSFIHm9AgU0DsFKFsJ1UVovfpzw826oyC7fwMjGqA4m0UPyMJHeseg%2BN6cnSYeqjtYqbZMrYvuZxpPqr2S%2FDlCeGzoJlD%2FhJgQvOq%2FTKGO6ZF398cusDP0qHX3QQdbkN
42.,丁禹兮看人深情是因为六百度近视,综艺 123081,/l?e=88a5RjJKIg5h3pQsOqOQKvBkPvcG9JOiWsg%2FreFHgEFkhFw4utRD0p49Bk3IZk0q9qwlvkLBsoLTh8oLXSegTBTqUAqzYS2F%2FrMAncat0UUPb%2F4GzNmu3di3Pu3wongW68ipt9Fx%2FK1GbFTQwP9DucP8QIqLhTeMrrJ2is9Au7bth2uQ0U%2F5Y92g1Gwx8Ed6uEWdrqjLQqDvv5m7%2F501gegclR%2FJFv4z0oYu2bRPf%2BcaM1gWE0sZYIM9Yf4WehtYsIjQ%2BhxadUjKoOSjRm8WrVcL%2BlSf1%2BqQCaeiU%2BpYpI5LJtLVemhOnLxZakkxRilBO%2FBPlBXTBfh58BBCIxe%2BQvkfOraR%2Bm%2Fk%2FUH7XHWFh%2BDlBTI3o28T2aBZdAbbKVyQzyqOiO%2FJQqgpY%2Bs87kpuu81M75wAKGh%2Ba7wWN8JB0404%2BxcQ
43.,侵华日军日记曝光南京大屠杀新证,11.8万,/l?e=0d75Nhshi2WXLoedppvAON1rTsXo6scIwiPrGEqV4zaWe3ygIE%2B%2FAlzM0j9N3z1lGVQe1zNFEw9ccl3PEl1MMLZJKyW0Z2XookG11gM53HV1RslasVUrErOFN0U5vVg8CV0GfWMDKaiiPl7jewy7kqU%2FG0tjbny7r1leqIzHVRQpBgONJZHaqwbqB8nf2cTxGA24m9b4Wr7hF%2B6YQtt8IOevzLOi%2BrQH9W0SzdYCicPjFStb38BWeAzGeiaKE2lmrpvoj4vVjgGd83M8v2I4kj9PJH9owGYuHza9US0wnBZfRsAWUVm%2Fstd9t0BwUvaYh66R4aF%2FT6Kt5O2HjRptQaD4c5EsZX0xl8ZnqB1Dxu1lGTeg0PWcQfbnhgiFCjTU9I2hEXHbqSbZfj9le8hU3QEYuC4U3a8sUgxqBctbU07iuVj6
44.,TES官宣Meiko离队,11.6万,/l?e=b8afb4jPPtkP2n%2BIgk%2F1r4tk4saWZwiT1mD%2FD1H8qfdjnoh4FRni2EXXufUehZWseMGp6fb0TygKQ1g4%2BgHA3pHdNm8DhcIRfJHGdWVAAWAjcw58PtOaX3GXJFLbbT6Xjgxpde9YD%2BYd8oGsqV1xZjSqcLhUF8oSmLtWrhEKLYInB03YR2w%2BcfJk9ijGtZeUtqIYGtCgJJNo53cxgXjwyPn9aHFmrOc
45.,你家的筷子多久没换了,11.5万,/l?e=6c1e6gUfpPSoERhh2Vh2dtr8FKYljSciLeCOAHkb38Ne1m44pg7BiWzfyOH0sj3fbzJompqoq%2FcasVcQ1QX6KBaMHAUxyZDwAcfd1B1q15tfb9nNtTPIW6%2FPZZTXghU8Kh18HL2EmhVofMkJID80NM0GoISS89H%2BSIJoLaYfg4T4Q3q%2B%2FdOQXon%2BN6afJGgtcjtMZ2CXQYsamsunvPQ7bz1dbXx06zrJuSwPQGeH1zmV9qs%2BnFkTDXLvluipSrdsUByxUvDLPy6vMXC5BaKb6c0ddAFRZqCSAm6J61jCnOguGVoN0a1itCuzMczZr2do%2FbI52svKg%2FoL
46.,王楠女儿落选国乒少年集训队,11.3万,/l?e=cf6b7yIctdhXM6vPUWiuFRjBxQIrAjq8%2FYuYesmH4RKMdYDZy69%2Fxg1ojrSbiNoTdkIB487JNuEE7ExSwkcrJVHNkCt5YDM40K95V3qc0beH1snRYkd%2FoEt6zqGjM%2Bx5RC%2BtKiE8xALvWtOX7b7p2aCLGlZX0D78OF%2F1WPULC8I40%2FeipHsmbpjtKZGI8Khxj8edhGXxHWiBIqYnbR9kSUt59fGj%2FI%2BziaWEKtSbIQWdCnppYnICvTZ5zPLjW1y%2BJ%2BstoqUoF%2BKqpRT8N%2FkE7zLISQvz5YpT84V2My6afPurStoeKQNUN354NeCnLJcFLgiLRiMl%2BLWr3W21TXLLSTBHUO0MW9Cjatoey5GYZK%2F%2BBlIP18u1TmVXeWJnx1Es4XBOXJET
47.,国产剧奇葩婆婆又出新款了,剧集 110629,/l?e=b314UOF9UboaqFHBM%2FrTNvjtYdOurOew%2B9GII8%2BVZfYJ%2BQETfcjYDzmvf9hLSnSdHKbJAjFlyH3toqlA7Drk%2Btc3kAgSJVEezQvQa7%2FqmQOHx9X6Je3G2pOb3B8lq%2BPan8Rxvlm%2B7iv388CS4dK19GYMVomJFChjLzR38u%2FTgJUpyoFeP9YXsoOuZ1MRRXYe49k%2BRhRopVK2m73QcBMqTmLXJZ6voYcAaYIp%2Fh%2BfTo8Gu1%2FOn15sb5D1GC5fMYUoygW1Z%2BicrSdFnpMUqh%2F8%2FdYpPdnvvrQH4r9P5UTCuIxHFgG9ue4SoWneSm2ybLZSrPLiw0CRCMySIAxKfhUmqU1K8cxMEmuPdcv9vuuWTg%2BUzK4xUXty
48.,侵华日军日记描述南京尸体如山,11.0万,/l?e=75292fzwB2rlNSCsq9WHtWi95jMCznK9HdhwQUGlevg9ghopErzwt6BtyW43eoYiPfJpXfnZtyKwxC7e0TvTSC5RXNoqOmCneS6mqRVfkfb6Be61O0RWewGYBwrtV%2BijUleP74uRw6et0e6usuMy0a%2B3KQtEr61o8piuYGD8Fc7c1y2uyE0fRk1O%2BzT7vXgBLbbn%2FdKWztjYrxPd9x61xXvggniaRiwQ0M6qFtnS56kLV%2FRqViGrgv6HnxTA6b0a3HO25xb9JndrRQIqXiSsIld%2FA41YSGu1gM7IALGxgOcuj8sgnsHBqFRdoTq4e%2BABwaSzpT%2Ba8p1jXGTepJnBZXPN%2F00vQRa%2B32ReF6znN42p451jGp0bn9Tj6Mpc%2FEqPIkq9rMbp2o7FqjjTrjYWNIPCEFnv
49.,周翊然周放一搭嫂弟二搭姑侄,10.9万,/l?e=bd50mp3le5%2B24nkzFT%2BY2SfHJ%2FFWVThUTwkWNAPVLUtFeWiPyNqDnWId9lLgpGZaiuUxiTSS4bNkdL8Fud9rT349BSHahIpPfqclA2ILJm6pb%2B4UPwpYQY3l3j35uzLD%2FCqz8eQZsrUgS%2FDF6rM%2FxfFysUnOsj18qW2UdlLjZfwzkR%2B6hDxi7n1MUa423NGQrDnVlLXauWnd0x83IdIIkiIAoUt3cAjPfb99ikDm8lRFONCZXtHbu76m1NYbYnRUbyGM8CmW4upPF18Q8hnreh04Ez%2BVxAOsOXK7gX0JAnlZXPEGyE0gxWCzVpiIyZzDT%2F8j8%2BVDUbKaTY5WQcUq8bjqkFm1Kgbt2myHEfVZcZ7qz%2FlxgV%2FtSlajLv0aqLC355YZ2uUF
50.,儿媳控告公婆未经允许在客厅安监控,10.7万,/l?e=3a3brJI1xF0qGyrFAmMsRR5G2SgQOr1UAga3EtYSaPNztYBIpqVeNE0PU7eCtRNvXrvzZ7y6AYK6f9Sxk6IAe3dqHpL%2FtqYYPETHAcPmlNKeRm35HnsSPyKX%2Bm9hJrdvh87WIxcPquk0%2F%2FWq4pDebJctdF96FNtB51gVCzzGPa0oU%2Fz68ByRSd0hThDDcRzPDOJWxRXj3PXe8uz001%2BTe6usvNia3wTZIpL78o4sUtiJ8V7L3wbrDOeQ8BWHHc%2BoRTZ5PSBN2gV0K0oe628G052OH6%2BYJX1432K2yXJw8RRf8Zr%2FVsy5Ij5ELm9eVX2dhrCoqxP0Aj8rlRu41uNgTIlTxnDfpk9KQw37W6iwxKHKR4uHqI0M7r3jiu7gvoeGS1AU3PfrbcjfNahCaX1S5EEVJgx%2FB%2FjBOpdRzLXkMHfwXij99jBpRDzXJeBthITORWjs
51.,贺峻霖一路繁花路透,综艺 106146,/l?e=015fByYyKX0tkQK2eUflEqsYZ2KV24nfSUTsihcamCKqGuVBw3tHEZwFyMRi6PqyakzLLSB6%2BSZvfdQUMv2CoTnBkLN7U1GKU5xJQcNad4LHTIJPGgjj7ONXNgjC9ciqVnVDqgNd00%2BkpsKdrOB8UJDdl4fOBsfi%2FizK%2B05Y9O%2FGXuXtFKmX0aDOTYrlYiguQtBD%2Bu6%2B9x3bViSmsje7HGopGQqQZ5BbFsp1Rn3vk9ztYS0tsuEw1oGmbb7MktEUSUhGrvAaLg1ClOqW34TI5wOAPo8ds10XibeeCNMuOKuEMZMyYRmtbYN%2F
52.,杨紫 家业路透,9.9万,/l?e=628b8Uj2ylP%2BXZe6s5fVy2OtS%2FA%2B%2FCKIprVKrk4S3%2BtmcpLhao428NV9wU8%2BC4M0VapyZ4TDr5cEZ9Wtodc3RDb%2FdxbXRVMS4dl67mxx4aTPuYVJ1dx3B%2BLI1m8e8zKkFOBjNErp3pSspdZ%2FrjIKg0xSDvZXy6%2BI5zZ4sS%2Fn%2BX3z%2FqcK2grBgW5%2BSs9dKkttVnZCbwGeqrQMHfpIj72xaewCRLRQQtjHJy524vOB0c3Ki7JzM8yh2G44%2Ft9R6CWb
2024-11-29,鹿晗比中指,39.5万,/l?e=e8999A9SKcBGivM%2Bbmup8hopMLIB5MDSrSxLLEnhwYP3I7qBOmEqxPArtKEnANbzXIvJcMV7P5ZDMD%2B%2ByALM6EKUmOFFvqDhfVbCqQE5OB%2BtaZ3ci0FKQXL17fCi7jYOZfjV3K0DsZPqzIsqrP74M8cZahh5RwSpwjby2ZpD8yVUVi%2FEnRmMavhGA3%2FGiufmb8NEG0%2Bocf77KNmAihA4lyNNO%2Bs5Cr0iPUZRJNLN
2024-11-29,丁禹兮把阿姐听成安检,综艺 196999,/l?e=6c91ES2w%2Ft5jzzDHuJWL9npgMZjiAIPjqZ3yLOwuR2GVcfY81dlvGhHJawxtZFCl46vRXrVCukaue8bWMsuW%2BjxcwjwkfDvm24iYeTh28tResVJqSUaHom7KlLTk8HeFxFWd9utiFdv1e8FdNzN0wBpE9cmuIjd%2FyVDXJLHl3iTbxfFopGMaKe%2Bk73yxh7kbGspCaomfMwlJDy26D98SYkoqJoylka3V9d8Bqz0CP9BhUmPrLS%2FH8rSuT9%2F4vZnzyobGT2cikEig2ZBG0cqWBK7QsS7sKa6b6uXp4L7dAYe%2BdCGsaKi%2FQqnAypgVqgScGcB8S6BOB0oW
2024-11-29,贺峻霖一路繁花路透,综艺 106146,/l?e=a0abtwOeS13GHrUpnvJ0bCpaMMhDaW836004HgeoA%2Fy3Tk5sIWRkKggMZZ%2FlVVF6kzR%2BSypTyquZpWA3DW5%2BAj3ewmF%2FjrW0lwQ%2BGJdIZuhOtMDKxQynfyKVnLu46EmL1Cs3Gghlx%2ByoJxvl4TBH7xgXXGcKqDAkzsN7sXOidcfpClMSPG6kPMXeZLedmwVfgEnfbel8bbakmT9Of%2F7mSeiHmz36VV0TjOkjjnUfCNpXHYorVmjdMVOFsI3gHTTrgXpvaRamuaiqNYA8F1uaKwCX%2Bw4mrKBLosWkmeKi0s4%2FJ0r8bUmvXSGz
2024-11-29,杨紫 家业路透,9.9万,/l?e=b8ce5ysCRxLHdJ%2FD8NEPCsHwkovbAZOO9LjBdO%2Fly0mTyrrIossL5cRx9wfEXurWkdMRtrD2xL%2FjPRphQPtY4cRF23b2EUGcvDJ%2FDk4chM3zU2wLUwzdgrx8QLjfywuyaGT%2FSVPIYQ1qyO7USC6qVgHMd8Kr2aQca%2FDzbbPuChYw8sG6f%2FVYqZqtoCW50k%2FqI3wlyDpDZz4ETgSZ5EjhzpVkAuoaSdDHaETP%2Fn8OXUJJQDuOFOdtGJhh8N1uwI9B
2024-11-29,蛇年春晚看九命相柳,晚会 249974,/l?e=8fa7uOQWaunHh68WbEpN6VoZuzaTXuOlmgfK2eWdYKup17tiaw5rDAHePAbMhyH%2B4rljQPeM2w7OoglLnD4y%2FQkJbJ%2BkbPUkImeWXED%2B4sNhEPibawmUmmkJSYjtVTWchp3qWHWe8G1MvMoRc8%2FFiTQVk6POB96xEnKqKZZ3WiFWX3%2F4HwCeIkReHwYp5eGefZvpV01gBxEXppzsaIRY%2FaTXD0WK0KiO3YqOfiNdveiO37UKZLvI3AQzCRTK82IPaTi6Ga7g3d2snKTuYqEVcv8o6GLpmitR%2Fr%2BQcp%2BGXAz%2B4PLT43DboL6O
2024-11-29,张婧仪眉骨阴影,24.8万,/l?e=a631mCCKTtMd3A94s5nPtA1l%2F8ufpU7ZJ3ymFwQYpfskaVVlBM9%2BScLOzHiB1uHaLsQQkfB5x%2F4Mr0uaQr2031AjCVw2OtbMeEv824K3uHUOP23Z3rqnsoeJhdKpE1nX%2BuBKbZtBRzJGEdiTDjzsB0uv2tgzTGLCa1guS74WHlIt22hkuHOod8mH8PJtnPM30or%2FBw6GbbL9HsrVAqeijHrFS2dZYFGzpeAqDZDnYWjYNlnW3YD5%2FfbcQ6COPduLNAOYofBR9YrBOp%2BB
2024-11-29,郑思维回复樊振东祝你我都一樊风顺,19.6万,/l?e=6aafMuWM37MXhVcpUMFJrvbk3Fgd6CEhT6DkCD6FRbKtRoQ3acJ7UlBzjhf78TD%2Fon%2BUBuphkCED0xwtQ51vEyXq6iGFx9J7CGpOxRsbj5MvNGmucXFC3jv2%2Fil7isJTwORpegeI31Pct2QmWdruGxiEFBkTLhpKzx4%2FDqcxDAlLkl8avigtyIOPaVopHwLrbpNB774%2F3rSJ88ccURrb8p74lNNxUAciAb53avIopHIUEq34NAe4EVntTOvxHK0rmjTAS7scwv176Sa4%2FW%2FxIUG7jCmph89r0y6SlGeB8AZOcC6zd645JmcGw9UGvp%2BJdt5YLxD0e5lk2UtFzhKkKZ%2BuzKhIho57pEgrXXwGeuDxJgRfXNJKHfOqm7KTxlpX6ZxYkpkoFxwDw3P0M3d8R4CTbfyHsz1px0e0E%2FG%2BaoAgEqUxxXy27WKYgWXiPUo3rjJe
2024-11-29,安以轩老公被判处13年有期徒刑,42.8万,/l?e=2da3%2F8rc7s6IntjY2MRiuuZ9%2BClx1PGy%2BVrzfTty3uKRFqzNK6nsP5McUJShQLwlWW48hrb8kW%2BWbXio0j6H0LS9wVSlc7YSufYP9PCQx2VmRS2E%2BcnR0xapwOkCrMTFlqaMiwgL99sMlcuvVt3upcHye4hJA4o7%2BS6HOFr0EX10J7L%2BzF1IjOpVWs70Ye%2FGmPLwL0WSKtk39AznjNQMKGLZyqtD%2BIAZL2PHQ5ITV2MZPQu4lscL%2F6iyy6FbMuk%2B92LLEhcWPgqIzn5RHpwBGYlQM%2BPO2KZdeFHy2ylcqeod5E5TCjtkJePAXIgoRDw0Is%2BFMYUhrN80lL5WoAwY9lf1KC7Er2H50TC2HA55wNdiL3ktmrODZ5H5QUr%2BwxdAKFjwtYfK0Ig
2024-11-29,iQOONeo10双芯战神,18.9万,/l?e=7f609tvEBKw%2B1a9OZ3VixMk0zUX5i4%2FLm7119Uco85g2mumm%2FUPw7hgUH9%2FD4jO5eRe5Jr2Rd0NnzfNJ2Zs8%2FKET4b%2BmUxtiCA64iic5EAslPmUM6lC3oBjHhIgYb44I%2BMgbdIxu1Y%2Bv1uBDBkgo0kiMKW94eTi%2BCTx%2B8vMH1PQ37%2BMGT8PAQxn0U%2FNQeKOwOJwBc4eNyVrvpOPltMbAjxCJ4xMi%2FjVO
2024-11-29,周翊然周放一搭嫂弟二搭姑侄,10.9万,/l?e=3f7b3oPgpca5Tez31Bjy%2Ba3fekSQY9Xp3vulfscqKhSk8ABD8RIxkQj0sY2yfuEp1je542eY4IXUKQ4lt5V2SzMFL95Jso52iF%2B0li%2B%2FpyT%2Ble0McrJQdqrKYYGiOM6OiP%2BjQ1MQxeXY7inQkL52qVTNofIQH3ZpwWgXQDer34FzeEB5xemDGe5JDNhOXNG9%2F%2FiGas78s%2FvwDcT2Zy52K%2BDSSJoA6eKDCTsJidoTSWJ3CCOOOLLlnCKMGHMjVn7HfSA4XeJ47yAc9RzLSSM5pDu6WsQewllXY8IBObHlgvszHQkVjXFqBkKEfbhaubscPGPSxrH%2FnbIrP%2Bm1q67pKI4WIO1Gk1pq4d0MGfZtE1RFd4wbKcRYjoJKwTH%2Frb3hUZ60Q0ix
2024-11-29,优衣库客服已读不回,18.5万,/l?e=b85bRZTtS%2BBgfSagwnPhBFGuRu8cVLKCse1%2FmuEt8n0XHp3GjrHaZiiwm7F%2FPtY2PZ6oTJ6hGmaeWAbHNgINh4zfdRzo4TwadjviEKF7GhZkmtSLg1jEayjYMs2S0oUj0g5ydWiDoO9xL8fpk040ukaAYzLELJ5YFMvlZSqKNMTderAARUJvNlAKJ0efNinLTpIf4uJX%2BD6wX2hvxUqXc0xfKBEgTB%2F55dSArQyPRR%2Bwh6U%2BsqA5dNfYl1C71nHpVrrZI2qxmCF2UgRKHIzzI5fvmnE9WaSCIK1NIjAcioQv4ahedyuUgUzj
2024-11-29,樊振东对郑思维说风正一帆悬,22.4万,/l?e=46a0mGsqCAvb6USrTTA02y3s%2BmlX8xJkCyN4wbFX5geVUrTLMCDGt6t1qeMS927Pf%2B8xuVUNl2D8AegwgwNUqegN8l35WI6QLk6gnJjdr6pcj05cfRG%2FNBocl6nJmDDcD2igTHd22ZX3dy8SVGXel0dFr5KSFQ0Jpw5rRfeTFrLJjgexUH2pDMzser87BTzVLIc%2BS8BnZPkQ1vZg1qBbmo9x%2FZNDxBBvBFmsfmIx%2FEuCUFlcqOZSncMwnY4YEj5k9Lyba976%2BTEGWdmPHsjdyvk0IkPTGNb3YLWDnTWF0i2IFuZA32Iee5X%2BB8AMVqTs2wvxam9mQ%2BvMUQGaXN8ZQvZbj09h%2Fj7Tt%2FigWanvGyZqJuZfdnubmKMkspUo8diXOpZoDMu%2F
2024-11-29,优衣库在华业绩下滑,13.1万,/l?e=321a3o2ElOrH8gTOdOcu5Zx2vr9cGhynM%2F7RsoKEgAP%2FYRLVx0mhPlkx7MruTuL7jjZ9Pnk8Lv%2FEn%2BFzPZQOm87tXOtVfoMI4Gw0lDqiLc%2BDm1qqUYY9cLkFH%2FVre12xtd3mUHezFBFpz9eLID0eNgTZmQ4ViNcwXAXZvSvqqHPnxBnsj1pCXEizBTHHZqADEvrWLTFQqcHVCJCVQAyfifnXATECNMfPx4%2Bftz5K2Y%2BPsHxDoJZl2aZry5Gr3o7To%2FXGBbqJ9NLIeTy9i1X%2Fv3B%2FIzeOuRKiFZ%2BcR0RSswmuEyEWsN%2FI2p%2Fz
2024-11-29,2025杂志超全订阅攻略,,/l?e=0a02FF2MLv8fnUsK3hogzhvrH20w4KfWp6IbnT8miIX2JA1y0zebr%2FW%2B0qQFuXtX9u%2FEX77dzinIQmlX0MHY1OcUJD%2B3MZRlJXUMhZRDk7eGgir%2Ft5BGkJVeSq26W8fjuGhKMhXrMh6GG2yskeo7q7gUS2OpZUE5IDx%2F0NpveNu2P7kBv12O0jNqqEnUqbVppHvwyniWKGOX9ivhXlhARzKl35xWUDI3yPHVvaBjmc%2F5OWmhqS3zITlUnBOMxgS8p8SUAtiymhsf7A4TRy4XWRWQ1Xg6B%2FmMYMLm4ITNpA
2024-11-29,一年一度晒家大赛,,/l?e=d6f6hibNtPANqUGg%2FQEBYcpyp6gLTJC2sY0xL0bxvfpH7B4RAT35ETAqhJ69ryIgwtP9UxK6EV3cQ53AikArEKRdOI1S7Sa7gJqK4zvRA8zysjEBblmSjhmc3%2FjXIBG9f%2FV4bLKno6%2BVQUMRyHQu%2FQAw3fuC78It6UpQTN2g093xaRwqhFEMVvHhwHhLrGGjJ1lz6DyDp%2FqjZwXtxyGOWwbcCVeh5ZJVatuAa1anmyrfx9EMyQkLBE4I8k3HEhv25gPkehlBHpuWf5CBnEN3PHj7D7ingg6%2FqQn8
2024-11-29,A股三大指数11月收红,40.9万,/l?e=de18N%2FcPfToOnfeDYqzgt4zs6m9rqrNPNHMy2YKcWnYSWCpiYC6JBGtcqQ2FD8Ck%2BBhTRSCcaDK8aGAtrPSmwpn5YDr%2FGgleeN94V5zPdMldEuWeBD8aQn3S49t2zcs6xml36eosu%2FM490dbqDC43DBkG1j%2BCoQm9F3e%2BC0jo3ARE2taSlti%2Fe3SMh3TuYubvqa0YMzhRsXXEg%2Bg0fK6DIyt2Alx9XBcEEvZG70vPaNl3zY8B9qq3JbmNwHfEoSEypg8j7nQ%2FR6hZI79SrdrpStYoLGiulnpaLMnKYSf
2024-11-29,澳网亚太区外卡赛,11.0万,/l?e=bf21Z6XEE7b3O0Z7CrcCLbB506bgoQdG3SPAMD95w28N49INoK0BC2F%2BjLYm1Mr6f%2FhSi3uq5GIzEBmEkEhHueKrx5wPQjJ67FzslBusGU1SdTVylsGydx%2BQoItXFo7SFjaWcbgWt0smZobcXzfNT0qe4RVo9xA%2FcKi8HhoAZ4Pa7VvDWtLbQAb%2FW9Vb6k1NJdVlDPm3yn6eCkDk%2B%2B8ufiHRTUgWRYJd7LQyxcoMOLKbPG%2BNqkBbl2yj81VBDJ0pYrhb%2BouvJ6ugVTvxbFA5Lfxz4eOBvLPgPhgd
2024-11-29,龚俊城市雨夜撑伞照,23.8万,/l?e=67c4lF3nsSCZfZNKVsG2TQ6WDtpLlbrMjWR1VGch%2BZTQfG9Bhyh%2BkQ1J9uoPQYgK5Yk831qYHGv1mxiz3ViDs8DNiIpEyC13mYAEELh0mBTrWrJT1StxEYcF2snc3bsLy6a63I%2BBzkDAZITRZ4IOokmEoC7hY6SonPLmwE8wuzlctxwc%2FlrLIQ%2Bxhge5rIHa7O8UHLh7GROsrmkGMgrvf3efQrUwOT%2Fm47CZxWaynhnehIVPKg856MHoUYzw6LTxuT1V6t3KmCVfEkFq5AXVzXfqTEVzD8fMDYDPJd%2FEVbE153j9EVhHP1ph
2024-11-29,郑思维说我在杭州等你,17.4万,/l?e=2bc1lcg%2B4hcuaT%2BgYIP4h%2FllaUzXm04oPCneKLFRmE%2Fi6fXGMam3zo0xTUWVODRbxa18kGw%2BoeW0EUQa5e%2Bwdeuh%2BhlKV3%2BKB%2BWVz8VirroWHkuTqUX7uxqlvgDLLuI1bFwa%2BcIan%2BDn8qRxNH1cue657iU%2FSymygWY%2F7BZlHStauorv%2Fs6MeNFsDtevz1GpBm8mGOLbImE%2FwSB0aVrpcF0mEdI2zzWZc%2BwWZq1KZFvZuhUoyH4t5UV9ilRjzQytV2p1hgr8nxxweCqdJTUtbYj4P4xbFy0xzEKlVD7Q%2FDeSrxyUeXySuEyEIaPkc9Df4v%2BL6kyk2hOa
2024-11-29,林允滑雪妆,20.6万,/l?e=21b3%2BCmN%2BLeSB2gepZWw0xHJtAXrgfEzp%2FXaeliU0SY38Gu2FiYgaZ7RCX%2BHjreBDdKEGhrYX8Ppay%2FudBG19lUss9ncgnoH6T9YPZUs4%2B2E6C%2FFfzQ31JmarDTbL%2FpF%2Bb0lWhsMBazseykfk%2BIJSqrYNAgbU0y%2F3m09fMLbUGpJW32VnHKAB1t1nTVmFzVAAqAHPNOx62iUeWyeG%2FCnPFFkbqcyH2Se%2FTMujCPI
2024-11-29,侵华日军日记曝光南京大屠杀新证,11.8万,/l?e=3e2c0HJiAFqxYBZARCJhGREOhLT4mhXKSUdE0vcNN69uHOHqcY9Y2%2BKIyowI%2BuFPCGVTHHbkgOtEx86F0CNz6KyaKclxiQ5lfCfZsawNk8vRzahjOWFf2%2F1qhiDYXCKQDl9pjewZMIZvQFg0MoZVEXl6L%2BRWR7fkiO5hdBFrbHDzG6jDOjqVkZC4QnL88cMHG1hoPMsDBmvFiQtiB6m6r6MSyTWaLTI3woe6l6hdC5wTfs8XdWLpEgKGCn6cJIiOpTNzPtxf7Eq%2BMmkdCqqrttOwlwOsLH61T7%2BsfXs1M8TPqB%2B5%2BicOB1mPHPFUmHJcr9fdPPwlPid08E9496bpVl%2FCpg%2FqE%2FprgO8pzQ9d4g3OQm6MBLmhUykHZS0Xx%2BimLhanxiTQHlrjPAkHKYP4zgrV%2FYaHkrstoP%2BBFkvcQhXpqSBE
2024-11-29,国产剧奇葩婆婆又出新款了,剧集 110629,/l?e=e151qbNkOYP2%2B5EUalfGNeW%2FtFGwIAMZE2yGtrlSAKAKUZ0dOEuAr44CpirNegywqlWI23ne9EvXTdhUOZ%2F%2F6N4UyMpr9XGBFZ3v5i0St9WU4bpPGwblg5Edy0bQf7zQe6Nrnx%2BJgPzwrKhrUjmI40ow6fKCJrZh0eQoLFquLKIYIx%2B5JxFBG7fAYCNRXiBjo2e10keHKwJE83FmfGdetPdanFu1iCPVoviHzQITdzHhXVGzrSawBkGe6eo3iHlhM9Ptm6hZn6rUIKXnBHqjyU7tsVCnbS0b0nak0X3BwTjzE25IbuZXdgDsjmkoexZjjXXrhyDYU1JgURxKbNNSssXWXyi4nI2u0Kf2uV4Y6Dl3TeekVEbi
2024-11-29,为什么刑侦剧多在东北拍,15.5万,/l?e=7fb0sKewGjNz2bs131ov92%2BhzhGisjrCetMud6BoTodMmXY63Ogoe73Z1T%2Bm%2FblH6ci44TnTYJe1FyLBlR%2FiBjX7uwFnRxRQbzBQn0GPxsnbAZ2AAJ0WJfbTjyrDrbSHBHQyl2clzS6Z0etI%2BbeOh6l9p5gx63q%2Bdt0Kz%2B6Qqxoegg6hbsfnwDPyiapdcnI4f7D4u8Wq44Aml3PKtNOr6f%2F0HU6nzhNlAaQwyN%2FrkWbbp7%2Bzu%2Bh4BQKEXJtx6gosdvHKaK6L8Y6c3UQCcXQ0pn7E6JMhSUs4dTwJmthKzPAiiFo9oOaBYZoauUE6Zt4ncElDpbG74oOSRRExNb1X%2F4oSGYWYMjZq
2024-11-29,周密把周芯竹买话筒的钱转给她了,24.0万,/l?e=6213loxwc6ofyjAnWR7EDTeC3adwhj9J%2BFp98F76nd76X1PdknLCUYt8xwMqxDNu38%2BxmPmBtYNloMHDXcN9QpgPH5rUDfhJMRjRhRvgq%2FqnmfQrJsUwfYr0liJrNqbwi7jXoL7QFXwc6GBKK4PIzBgcgcEzBjUqS4xOmO1uyiD%2FSwskuIXheUGy%2B6xYENdpd0F9ILrgSmWlrgyuqECJ0O7QOrBEHCCfVESn%2B3M1bXwpJxcPb%2FJ%2FO39lKNnZoJS17SmIDQTThTjTfh1tyRxv5C1GjIU0vgX0foKZKATecygtadhw%2B2TzojRULiWByVCNDtcTDTCQW30VGsFEPYv9fn2zhVbbZ5xJ5fCdgNAbD%2FdRT2Xu64IDFn8V%2BfOHiDZsfb817LN%2F%2BNRm4SYkyDZ6zV46Lq1qyenl%2BXXpn2OYM0lnE%2BWt
2024-11-29,贺峻霖一路繁花数箱子,综艺 132683,/l?e=06b8Quw7Aea%2FkEU3LfW1IYxW0RA1ZYo8o5sm7bwhIy7QZEhPJ1RRszBAX%2BKoEMwX4u5oowqD2w%2BFTtnojMuyd47p355V6jUuhE%2F62yQ3QUzrHIPa1QDoQYHbnkgFA7R%2BMZo6dwaR7ljHsizIexcqRLJ%2BwSGPMDxoG8fTd6ueaASfxwWReApXhTipF89Idqud9Qn1cyJN5jVzfOsgv4o8%2FAMD2oupRk1lR9yhPl84V3SZFeEaj6bRHOdF2etoSvAw9XLAmswwim8TKqEuu%2FJezL513BECVsV%2FdBpKtmLCSREDXGoMIByG36lrd919FORLSY%2BOUKc81gpH
2024-11-29,女子在中医诊所遭性侵医生被刑拘,18.1万,/l?e=df91wU7m8g9WfPP51lCUy5SJ%2B22nn0ngakxCAz3WJw0tF%2B1paVQajNkQ0G51ZXX7UnTN2wuBQt%2Ft6zyoGV6Y%2BvKiHIx58gdXLiffvTdWjRbT2m1NdeVl8ac0PqGDi8DGdQKDV%2FqBQElggX9m0%2FaxDQa8uQiBT2WRUPl5ScVpe0rawBsERde6Rm7ijFbtBfNnB3uLz50EQAECSF%2Bye2ocPnpOt70D11Ft88cF8J9s0qkb2q0K8l%2FOLyF86fOUdivoxKPGCmGCIoDxscCdsZOR4BWNbxuBSKJbv0TenFiXOkWxRYUJPq%2FLm6yqEKpDZDXh7xlIvsMh9s5bDmxYqClyPC6bkmjoQcEcxJOQ%2FEA2OKYbZyX9X7mpkU856KUhFWPuktImUyBXwVrvOVZpi0z9luY2qDIzP4JUJmwM6kMOSuXSRo05
2024-11-29,印政府还在用被封杀4年的中国APP,306.0万阅读 | @观察者网,/l?e=3e97ly5J%2B7scudtFXjixE2xFz%2FYwwGyqTICQ7nHGW5TPCrP37M%2BMBI7xI6OZKcOxCF1dWKioBZUkXlFAQ4yob%2FCYI6ZpIhBv7sOatafRlsQyiP%2F0g7WFLihm9dT8AouT1qpBwKooM5nYRyBfon5oZt38l9w%2Fc0FwvwhgSdrV0%2B02H7QGVTs2T%2B6a%2BboVjSYPGtTM8uW6TgEn6EqHUhaqEAuNw0j73AHJ6GuLXnmZXyxKJcI1PnYfbWLAhsDWwXSumT9%2FNgV5mrxS4I3tWU4KBVxuRP2c3sioleCXeNfk6fXjqnYWv6C5nf8tQoNtQaYCgL5WEK5jeHTMrVR%2B0d20nAfmNzZMpvjbBmpRxzXumics6HVNY6E8HfJEVCgDWf8TgT%2Fj7cR6Y643Pg
2024-11-29,韩安冉称do脸模板是赵露思,76.2万,/l?e=66b87mR%2BlL8badroAC7U3VNR02cHzR1sieKMLBEtigofDFGcpNAlvLSi%2FKxydZI3CATztP5nNfpsi%2F5UNbOjRMHnuM7oHEDOXChtA98qQptaI8LaM84E0pblSE%2FiqCG%2FtKgSJyHApIB6RFMXK1kbD3%2BIxzZp16ovX9cC9rcEbd9rXfgtzbSzzSd2GdwT5toSZPHsEgvdQQuhMNvO7RnvF%2BLxrzWs5GUdTxWwwNgeJw7YaxgSGvajMx9fXI7T0FKUcDMkiCaNY9OYY0UjlfuaQlg%2BrYojmS82NPL6ncKqE0uWmejspsAJue4hTjmTUfx4hg8HNG7Noy81zEWuEpldNzL3xaHbVvcVe88
2024-11-29,王曼昱助力亚冬会,28.0万,/l?e=553dPcjy8siVZBg0g8fcUPoCIbHJvAFcshJnKPntJA38max351bhZZSOlHQz40jVmiy40W7749N%2B6qSWxYYCPSGd6vWsZ0F0YPNzPsytAOCXie7OeA1oBiYXf%2FZ%2FMerghdjMr6hNIRfMIUxNauTmyq5KxQWYxzJeausH%2FKbBUT4wlmWlEw4vwKCgpkC6PjYQ526%2BYCLP4Br7adrrvFX571q4Yf2awI7rpitAH2cGYb%2BjtBKfIW%2FcnkKVXB6KgRSRwUxjEZ3BBttZ2P3AkYlgBkFOHj7ie5SWDlGC
2024-11-29,小鬼拍到本智性恋心趴上了,29.7万,/l?e=f386xGLvYYE9Ka0zYPhMRUNp1cq20blzOzrQXeQPDe3WdEu8Lcnkrl6uvqR3wgQR6zXV1E2gsk9ZmQ3%2B1GRawzoJU%2BD%2FCF4CTCdxPVQoOzxjZCAqZDyeu4g6g45ttiTrI%2FYbhW1ZSRXD9uUXpP5lkjulrSTG7iNPj3FgHIvP4vjR87YqFioZvWscddAl0AlH7BwnGFRGYWl6gcnbI5SCf1i5%2Fw1VDs5iCDLxWKg55QO3mm%2FvPY5DofF7h%2BY84BIMZvq%2FYxK6%2F4%2FHpdouU5oYf6xfqzISZmcncTD9AqvRRSSdToEScZN4WsIKYOcy7KEsGY52H8au6k7rGRQ%2FUoHRVoWF%2FEQf6p0KQMu90FDVh5XBtcQvw5GF
2024-11-29,外交部回应优衣库不用新疆棉,1388.1万阅读 | @国是直通车,/l?e=05aeSaLluMfrPaCe8x3L3d24d%2Fev3ZNjBWEcYNfCD%2FqDJ1JdzuJU%2BLXIwpICR3CWdKZQ%2BklwcV60wItdW%2Biy52OG2FnEo%2B%2B9MDAcA1WmUmKFsnIeZrSEi5kuFNGx5ha6HjNFZR3StJfi9qjYlqRE77dyWSfDtMjX7iSgtm3%2B2s8cz2wgJ2jc46WzoE0NzFVWGg%2BuyeP%2BfNtFrI5vfHQHsnlF3PppM5tvv5xvKkfItSFHUaNmuhXjrwWBhXoufbAIEek%2Fy2kVpP1bB17lpLQy1BLAHkE81kJ6XjnJ3ZBH0Y0Yeq%2BnhTEEB6QRzkV%2B2OUT%2Fi2fcvcB17c1F4qLtyyRj7r1iLNSsOIajOUIc6ZtNpTZtBWKs08s5IMa%2FaXyl1jOggE%2BSfoS
2024-11-29,李昊 活在我MP3里的歌手,11.8万,/l?e=bc97lTTtLU%2B62hrUfgr2K2KWuzDiv2NR7bAjvfwvVwfwS8qJcdAafc%2F3lG2E1jZSjefwNSV7vJbVMPE2KLEUsqrm53aNMoXjRfXFitlDcWNiVrNXOTpBZr7uq%2FkD9KGeT9lWDiSEWisEI%2BrDctkBrXo77k3GDCjotTGuMXWnnitElqx%2FtwF2S%2F%2F3YbxAqdGG2JlqUQtdm7pra6XnIsr22zEB3VJJLZpPU3yVUfJH3KP5KvTlhA4NGkAZ73la%2BPqrCVBXi26AA5j5gY0RxXJOpHs4di9q%2FjCPKMIr9bbwSEqhPnfjVnPDoYPeL5e7QFgp
2024-11-29,导致胃癌的6个高危因素,38.8万,/l?e=35ac45iEJliUBc5qi6oHAgSwvKkZ2NcQ8dwKh2SS3DImxQ5BvP7w6ZCfjbQTJGvfI645PoNHMXiWAZnj0j98hipqZ29r1TCgof4UBy2gJukL%2Bwcjgpp9YmhOWPS6SsOc4WVX9XQb6CZJz%2FVdUaDye1OJmUId%2FxgPMFbXVD0L%2FS4jQy8RmtAOw2F1wSnPm8cEinH09discFzQDzK%2B55W6B5UXQSCQOABKtK4cb%2FjBg3%2BS3I5CgQTaOnflL4BLdBSMPmb1TSPPmzJfIKSe1oiZVfpMreeEv3zSk73wkwX8QtFfw%2BYcYRa%2FlcRxyKKKdb8BfU8ZKBXokqSvHw
2024-11-29,扎根中国大地赓续中华文脉厚植学术根基,,/l?e=676eUoNhWPmcQD0ZDoxpDxzFP2xtFbfkMNt%2Fg8n0e0COF1qImt90O%2FOSbIE2ZjlHQBT3i7CuMg475pIEAoIpSGEpEZ%2FqlGdtwud8cDEm7KhJsesnRad0VD9gplaLU51PNj1ACnCR%2B%2BtwBUkwZraWBFCSEkGQwfSLrWhH9B%2ByXWHTEjLlAm9hF11qH%2B5yzfd0T9CsMIC99HqOSz4uO4H2egqaf82o3ZoSJK21%2Bhu6b9OWPMmXRVNrvdw9KfVeQgub9V03S789SvLRt9CIKg5JeuKVlrnOVbv9K5hn8qUYLX7TAbeQYxRoXDHwd5WHuPXdn3PuvxaNhcvAht1Z31xxM3utEF4C8psZFlKAY35kLl24%2B2QjzOl5TOedCX7cumpyrepFcOd3AOtSyhZHXK584PkUSIF%2FCoxPLXdmRY6eNY%2FhOjsA43zCEsnt95uyrwSlEqfhTxBkdjJ4rrG1qpTi0eSOXjQTMDtiEiEqlvK7b17B
2024-11-29,猎捕野猪为什么这么难,201.1万阅读 | @新京报,/l?e=376apPDPAtafkUbmLyC5B7J1ldO3WrAfnmdfobjR8oFDU6R0QaYI3WxyL0cSe9R0eKrq%2BdzSMHFN78cNYe5hSRmM5Y8YboU8qOmzii11phbHHQSqpv4IMFsdKFsFGi4P2mL3O4CihX8y99M4tDsfjFtZEBw%2BmnwTV3NGnIZ%2F2%2FqlDzWcqyQOADLozRpZaRY6qLvg9mfcRj7gPNtvqVf8JbzjbWqsxPTP6W9tph8mdZ9NABB8QBhj9WWTJ9aJWWjS5zUlSztsdt1oNL4y1GRtxubUfqRSpFjwJjlbuHt%2Fxl%2BGPZLqRNERlwrJLO7uNanBDmv8g0nP0LtQ
2024-11-29,人民网评白夜破晓,31.4万,/l?e=4abc74srbVsMwyYxLYE6pnevfErNmRu1ZkNg4nRw7VHbQIi%2FMy5o%2Bw3Yg97KGJhR%2BLd%2BuBBHf0wHrDFLPUCVVIE5K%2BLI%2FpQ%2Fnr1rAjyv9c%2F1OTvyvUcxJKkULffYVR9RBuGg3n%2F1af1BptcW%2FFJIUsrSMVNOotaatR%2B9baWhioB%2FITvAjaFcZ47%2FYDy8WjOT6bspXyZgZ%2BH6m4WRVhUtWvfUAO0YrDSGIpdNkPzSdGE4pq%2BIjMvThdoy49DhQZscMb3entRk3%2FXFjm39MPypt6%2F8G3dKbBsBQTsF
2024-11-29,春晚官博回复檀健次春晚相关,晚会 888700,/l?e=752bANJkpcHesnGPIv3SshsoqKIgXcL0jzUYjPjnZLw3zXN8%2BRqzjKSu7mulBt3G1zMFxPsQnZVGURxZgjqtrUnb7oQHhSD35saUU2DeBY9IQmkaC5AG41OzaFS%2BLGknbDeZrFe9guNm6SHkGVsGW4KP3lTYXaaUifeCmC56L%2FoN732uFKq0gv%2Fc6F60XQwRHZcmC6QZAlVjDcJqVdRkrZPIjV%2Br%2FmivIvAqK0yO%2BoU6Vkx%2Bh0hzBryGO64N0%2FAloisRA2aYvzOLX%2Fin2%2Fmvzai8a5wwsL4P3WwLZfTdbVkO%2F8R%2BcNWrwLoqbeZvgGUHRXRtboGP9PQN6DQD3HwvWC02KW1HJjYgtNjmyb5BVC2ykLJR2UHUwk3ls7o3cbhJPBZJPRMp
2024-11-29,悬疑片的反转应该这么拍,24.3万,/l?e=6c6dCjBu6r%2FVsn9XyDwpDPaC%2FU4AxyUsz5LmuEEQ%2Fo60RJ3bj95THKmSx6eYnALSSKJVXuNs6NCQaHuWEKYKPVDVwa%2BDcK2NumJq%2BjZ97UePHiwiad9mYnt8P6F32E9ApGjww%2FbJBWnxelZP9jcK4bXRxFNCib7YJM3KyEq4yyHFW%2BfNzgCf72tLQFRBWlcVJfs6YUqxCNd2BwWreiLnRE41VXU4y7E5Z2cVLb4%2BvPAoA6AKFr3UIwHXLuUeaKPyL%2B6%2B4iWcWHd%2Bp89PelunTZnZMMd5OpYGIs%2FgnxRXHvAkDTxIHTJMrCyFu3cODzKNEzi9qa25jLvMyWWGMXRao1rh0RAY9dsC
2024-11-29,Baolan晒传奇杯四强队长合照,21.8万,/l?e=92b1U0ko6cZnh%2Fyb7Qp5AskJRTH7wStQjWLlwpi2i3w2be%2B%2FnYGJTl34F8q%2BdxxAnl507vOMxIh%2BAHhik5ZeaDOka4O1Tnkoxf3tK5Vk2hlQ2ByWfcufpoconPIKxQJaM4HBbRXzeRC%2BprGYOqYoP%2BLjByp3cy%2F0vkMbOYUxvhFn3zxLAhzoANxj4Oaw5Q3EqOLFkFi%2F76nSvE%2BELLZxPWGrnM8p5pIBL%2BC1XcZOrDsrBGcZUB5EWn79qL%2FTQapd5wlxEJcC3GobwBA24rgsdJWItTDiEdyPYdF63KZAMDkaTsfOHLbmzQOdoK3fndS1mGdFVOk6TEEMR2nK92xN
2024-11-29,小鬼王琳凯风尚志十一月music刊封面,13.5万,/l?e=042cVj4%2FIdf1%2FN4wHAVblbo7WauYBkk50PSu87DCwHr6mdt7rpnTXF6x%2Fozvus2RDKqAvglPZg2SALFc2Bn8AohyBFhBSj%2FLDIrB10FNMQSNqNfy9MjwrPUeraY3v5pnQaj%2Bsln8smgFPnDqz1bF0kihvXrVsUbwOqm0clA39WqRRViXAB0N0bT4bTseK52relTWdqcuaE%2BEpQeWMX73Jqklju7OU2%2F78%2BVv7PAeGfxoHJ6u5LmO3MLsht%2BCqd6B3rJe9gHhhCB8pllfbtRbZvYQ3UeU%2FMACHMVtaVomrn%2BNYxIAvjzy8sQIQg%2FZACB3Sh1P9ce47hz6flo3LEMw7b6TpoCPCFPEPTGgKRNn7Fuudw%2FNsAsKMgWRBZyMYQ0VPyC37W4GDWv6KoQZz3jMPZMNgK%2Broje%2B7dE
2024-11-29,金玟庭演唱玉氏夫人传OST,16.6万,/l?e=8c6fL5dlK0IyGNjuLKQi9KhKs17T%2BaaxTSLrj28Phj6eM%2FIxnaSDa5OqxeL9XHI6PYyPLo64kLPTM%2BMqghw4KZ5hCOlzXTwd2YHYV7LhemjJmRSpxd9DK%2F6%2FS8n%2BFPib5uw8l79%2B4VbFeQQ4mnZWUFRI5urIT4VHQ1%2FmRV1CE%2BMmxKnf1FgUs02Zk3d%2BXl9%2FwtS992fGITCWnBHp36G6toMHwK%2FhXnqXqI1Qf4pmcz2ZoXCsmTYL2nxdoR5BOcEVIzQd69v%2B8ONVjErmQC5SwXnJa0wKQ7VqM%2Bra0sDP1aE4K8nwcqnAOZWoyhcgIendevXufaaxgs%2BhZyvQ
2024-11-29,打游戏一直稳是什么体验,21.0万,/l?e=302af%2Fbp9%2B7Vn9pguMoFtxXn1zkRuGno7Kk6ImX64JF2czab4y00T3H1OJ1kIM1bgeFZ%2BUS4nqCX54TcPgP8yqOmBElsuVQ73VYCeEfvSukmNn3Su%2FBY97bkDdhF71CffgFsEdpCnGUixRM%2FsKrd3%2Bt7FIs592ilaHphoqWdmNudsCu%2FkV0cN6ocPmLG1G8nAu6APtbp%2BgvUtHes8bmVSDbuGSISvDQGE0SliIx0CxdNLnsMVORsIGZaX3yVp%2Biv9Xd31OWhGnYK%2BDXkXdSfmuGgwsEB45r4Io1DyRw31GJik630Zut9DMAlNe9v1NEaKkMtT5SqkWocVPqEkO5q2pwmEoQtMsB1
2024-11-29,儿媳控告公婆未经允许在客厅安监控,10.7万,/l?e=aaabIsFeK4lOEjW5ODbbOZivPPej7nW8yRzPaUh23xbxGxtfnA5pQ7kQi2lW9Grx%2Bm6dG3Vdqd%2B6t%2F9L82dUZeqvHdHPVvCcF%2F%2BJGh56MO3Wtaer5BnYtHLvk68kNKN46a8h6BWUMNQw%2BD6BvPayNiiX1NT%2F3RczhYj6l7w2BirQCmHaLsUpo11718TNdGteAb1B7ji4B5W%2Bpsl1XWw4Sf0UckOiKo8IRpZe6HgI%2BKUG%2FobhkRzMFmqiv3RuNwR0Rqg6pno1Ai2Iva63%2BAf3YIq0iT5E%2F1wA6FLIUbrXVtxYNgSJcHkXP8jmIYwDhis0HM73b8ipjboBXt1WxMn2QsWA2wwhAvM8M2hll%2Frr%2BLEC9uBQpLIio2Nz%2BLs8%2FQfZQLpFEv%2Bc4tzuUpngkkl06Cd1qWM2KzJXznv6UBthb%2FHd3whFg8WF4%2FKA%2BZKohSJRwZjL
2024-11-29,蛇年春晚标识有什么寓意,700.0万阅读 | @央视网,/l?e=bac3%2FI29Lc9gSTibL7QXxOxGOdNPBvDfALDnA8GAEPRGxs0BYdk6%2BCprfBdegCr%2B2ow2KAeBwraeTGVoFWQpAD2vAVEaXEQOoBOW7ztaBQ4Dbl9rfDiJO0in8EzxNTiMzRNrVtHmG33v1Ng2Si%2B7rJCeVPwLRcQQ7vUunti%2FW9rPP%2BCvltYbHUdThIofuVAS73%2BfgKfZLgXPC8L3sj1ZU36EF1qhzBSgUEVQAsDsR7qPrgdjzML1Ik361WQE9ksPZaJEO6VJOqIt%2FYosRgDb9MgSQtanhBgIpGBTAYGexTTl22iZCg4m24DA5Gq%2BsTIzxC%2F6bBwrPNdaYTzE3prSoSG0%2BRK%2F4qJk
2024-11-29,贺峻霖求旅行攻略,综艺 207666,/l?e=de57NxJu9fuMA9JPt60%2F6TVDPpvuhwyTH22bumpBL5GULgKoJyEUL11pJnAuRozWI5QgshT6otRtuCEMpkcRyksDyDCIximtsP9BBivMKMCiCE1dpYBmeG7FNk2ZgMvubceogY7m1lCrlWj475vnMrPSw9DzteFS88IKyGrXWSMSXq3Efda5yhwWGPIiRrUqYamtJhRRpaYnckFY6hgnyWfblR5oPztUB6CThp%2BXIyqQCmTSF1P4NJHduRFCHQsI%2BcnEbFLkbGIYDHplXd7mivhDNOdjAStSkxCi
2024-11-29,一降温就流感的体质怎么破,23.5万,/l?e=c0b2kMxgC1aTvBzryuyMRmxfH9tO7xfD5unB4ie2XNhbzeOuj1UTCbwn%2FFU3yfVH7Ksy2VVIL1f4BJqasLnSGJcknREKUIxhmanKNsLryVf0jIAOelOJ2o61twdjXvI1QB6my9IcaH%2B6C7f8o%2B3X3OyLbHSUr1tnqQuJSuofFuAPrD7H7EksubXVCjN%2FjYZgOapJoXXsxf6JDfrr0X0LG6veOZbGKNhWKAk38jHDfsHyQ75izkzGVh1eWeJN3JozFvO02mJLv2FWWcS3uQZl2ZQVGbS0wnghsaVJ1avZpFTaPqmaunKtzAxH0docJP8qvSN%2F%2FZg4b4jVe1JG8O3doPFq2XtJRZ4vlH3EN1tBbDNSyh3%2BWtFn
2024-11-29,黑西装是杨洋的统治区,13.8万,/l?e=d4b8L1dLsVUb6BDJ8DrQttBaTf1EcmTbeRRSW4xRkpiw7ZZ%2BNjdi9nfjr4F73YfFsYFJC4sFMlOF%2FutDH%2BF%2BByLwC4fLkzUMS7g%2F%2BDE0M%2FU1hupgmQD6v2eoblItxWNWP%2FiLfxmLUkTdlpLshf0I0h6A2L8CmZ4BmkyCf4WPOrJTIKC8YAwCe14eezPhOLRlu5L1SssGALVJWJvYbhScECycITsFFGpJGQXtyM9VE5bSY%2BNN7MIn67xTHZTdbao4yZGRFRw6smof8vuuKwQlwsl7G9wIhEUFmEhrQXaz8XoTt1WEA52v%2F5gEtuuYUjpSzku0MNUuT1Sd
2024-11-29,郑思维拥有7个世界冠军头衔,16.2万,/l?e=38f1Qv3W5sThmNhJ8pt%2BjNAokXwLubBB0NmN6ibOZTEppdkonqPy0qeRcXiS38i6fjPoSVufgokRpJQEq%2BRaUnW4PfNHcG2P7ma%2FEft%2BU4X3XQGvxv1Gz2atjVXdBKzW5Cmaqt5ZoyzmJ5ezxLRDdmoMz2ajBsmDUnQFODnpY5yD9kqxAe5yHvUbo0PBAcvWA7gTk4oBHfWoo%2Fypmn0tmgmuY3XA7uJ3%2B9wqWYTjkGtygQYusgtjjR3XmmbDG5b5%2FCiyX4MpF57Vca7aYsplhBDcDQETZE9RVr2KDxq2jn2PBK%2FhFwJMgjJ0Fz%2Fgr7WfwXc6dixUr7cth7C1%2Fm0X%2Fts%2F1meWzfq1z6gkqEP9tpnrG5s4IlB4Vw
2024-11-29,中俄第9次联合空中战略巡航,12.2万,/l?e=cd7eOXNWZf48GRDzywtwLxhBzc%2Bx%2Byjx2fDWwST65u67Zdta%2BPcuZfmbe9fGYYFRw0BAXBodls%2Frs6poD2g%2F9hE2Qub4kBjx8xDbQsGkjrSRSBnbVsAdk8%2BIcGH2ArzR7wGOgsblzwXm2C8feuW1TZQ1GgrddYpYq7FUU3gGVrFAsooPI23AaXs5Rrnn1wQ4XFGqqxnaDNWzd2Nu13WzsHwJb%2FjcMk9XKhGfsByiRl4zSIoMPFPOYCRB1d0Ywr1IOCKioCU8%2BzWKSdZnOdEsbJY9pKp%2FUJ6rYYP5gp24veG9woqZkPmvcqxwXPCcYeIzhZLmPxMEs6d4n26q5j5i571oE1W2VF1iYk%2F65H7nLBM%2BzsuciXn%2F6Q
2024-11-29,王勉 现在是个综艺咖,综艺 111890,/l?e=be5a4S%2BUilhYKeY1%2Fp233bLusGnHGnms80uunSlm3yZ9%2FZbVHSr5XwbvxLqCclVuJocghFunoeIznzwNsSUtxuTzMDHyJ8JRgUXv1x5jpCoHa2thxMKHp45NTpSg94vWm7%2FyHOFahXOkHeHx%2BznZCBIvp3ktRXnwH0bjCLHEOj90QHpZAImJoolLNT5wj%2FEvjttYPGa0mHgfY%2BI1AOD6rP98dE%2FK4YEh%2FbTx2PNCB7qGbYn7HSAE7QwNEl9V4%2BhNVjjVxwfNDBKsxzWrIpSegN37SL29YI8pb2HO2ta5qbUKWezjGEXDb4gUGj2v
2024-11-29,官方公布冷藏车厢内8人窒息死亡详情,24.8万,/l?e=72efKbb4FufmuA8f4JGEni7eTZIB9GUXj6lRH9ISOFOhoHBtNAQrRija%2BJo2kR%2FoZUdtdnfSP4zW9UrxOl7FKn8KqAEDm3qOdQJPAtq%2FgmnQl4IieJEW6MxCfeN7igmTLhcBuDLrIqyDFLoOh%2F%2BLKscuk%2F3w%2FSQXlnOsILGc%2BF9oTNXRrqwBWwMXkbxdDtWC9XSUVEOjzzkc0HnxiY2NQAuVmmkZbnZNYoUB57ADx%2FmcMRBOgmeMFa5TjNP0Il3WZDRDuRZdkZoyM8OlNRw3hHhlDhqvNGVIjisDQZEsZ2f71cGDnxymseuR9uRTZBRUcYa7sw37uGj2ZgMIQE%2BlKaBlBwFWsxej5SNzVcvMyluvB9ObPot7pjD%2B8CQxFEOpX84V7DQm%2B8cMGLeg0o7JbqRfw0ZyvSIa1Dn8l%2FCASqQfXv655%2FM43XEiTrATDxBs%2FqQnEw
2024-11-29,欢迎进入中女造饼时代,12.6万,/l?e=dbd9IhCXj8Xxb55tefEtIGNW6KF0ROS0PQIolit8%2BJs4GJwh8pJDNLJKVY%2BnAUObe%2F0AN11Ynu3PZXZYm0AvkhLaNDaQkWk%2B%2FRADPn2Pawxjk2fYz1s35767QA0LxvMuvaF0%2BxTVKumJMxHB86FfzHTT202Gfx35wSxIV%2BKRSumBZ2lxxNOeVnkaPcR40GU7M6ez2w89wKVkuKPQZqQQnFgrx2xVtwYKqxg8n5oVpomoB8JfUjEBXiozTNn%2BGobO6cAn8EockHWj2tyJvsTAaTqFvqqGJe3huobLsKcIPFaJNfrqmmWaJpg9poA19q8DEfB%2BW0zBMbcf
2024-11-29,中国游客在马尔代夫潜水遭鲨鱼咬头,24.6万,/l?e=2e2fPFWIODH%2Bsj4WsR%2Fy7emrzxPaOq6iLU5zemaF%2BTHLHn7T91A14zdnadHJxdw4C5mgvPrJ37e7OQpDzEAHQx6vqS8FJmD0%2BYPClalfm6UTXnrpG6GG%2FM4xPG6prS6VLJJx3k%2FO90OsvS5xSfQFk7uGiPo2cW0s8d1Q9lUm%2F7d36igXwHoyJ8JI4nEuvlEdZsSCV1Zv7HMXeOmCsQNFKSLAoroez7E8Z9yDzhsXuURvxzpIiI17uiNp9nu7fM0w3AhIl39io8D0kL3thLG2f3KIIqCE6oIRtBrJsm%2BMQ52Oqv2uiDCFyvA3FXMSNG6GXf8S3FJ9j5wUEXoCD%2BN49S7Vu1XgXQajG5QP4MyPMAl2ejAY1a0LUiQm5hCP4FY04%2BInyBm6BSl%2FLxYoF%2FoQLv0ZUz4PajadruGWkTUf5idlPVEAWQY4yOKGbKZ7HRCxUYGa
2024-11-29,侵华日军日记描述南京尸体如山,11.0万,/l?e=7170k%2FDHT8ZpPI7bIBmIzCyUZOCPTqR%2FEk%2BS9cxFk5BbcMWjb0Gtez2cZKG%2F%2F5tSceE1DkNm9Qg5tZKjP01D0F3ov0SPF1cZS55n4fWzirPCO3LdUGxSv4UQB1eyMbXfMuKB8iwhB3Sz%2F%2Bomy3ox0YEiS%2BZkfej9OXTM0Jl3mJmlkPrsIEwpGyyTrhcf4lgbWsS3IZZGayAiGWCEx21DevvjFEVbMXedPyZxQ90eBxLFRDCrZTnIGi807iOswnCDhnQkuwRxJHrJzXJEJmPxiMIBmVmGhfzpO3Yb6udLWr1uDC%2FF3EWAPCgRLnMG8V2H0VEI50DoHvpdgiaDDDK2%2BxGVygOF3TRvztk6ARXnXBkpC%2FniD%2BoRjyKOBysNTFniIP4feLCW%2B6faDmw3P1JRHHOFhlJY
2024-11-29,古巨基钻石败犬live首秀,演出 134988,/l?e=e6fbkD4E67h9kzyX7VD0icidNUUDTNqHaZ0NwBU2Qpqqpmk8Na56pdY1d0lu%2FVch4JzijXFd9fUFlEhGdXmsIsTLBEcEGpLguaL92jSgvKQvX8NcxPxxN0NXXNU6rVV6eEEYEJeMwmyC%2FazM8teWexfChmW3odfeLtVIA0ltaaBGqGD6%2FNozuQu4ZZcObD%2BBUrxDCCRrKXdWASGFR4ygYoYqSakCdCjn2gqjbSSOUGhllL%2FZJ0hlcV1G8mKQT7bCJeJX6CBAdAjCzPdyxnhiTBGB6coQHFMY836YPX%2BHPQVgrJ76dgUHvMSSJ7d%2FUg
2024-11-29,巴黎世家售出8天后要顾客补1147元,66.9万,/l?e=591f92GLabkCYIU6bhrvGgOF3yJ%2FG1TGzW9dWojxcBEw8yD1LY36M4D2GLl6bvj00Cfrz5krFK7O3rvk8DLWFm%2Boa7iQPm%2B6%2BNS9568CuxTY72m5C7mqT2lQEusmKlRP%2BhKNioA8sSkPtvl33w0w2YEalHAlpEwPKnWgJ5HOiK8ofEjm6src1glod%2BLNmPT5CdJgyN8UooDqnEp8Xxwq3cDTzkobx0yHRQYjVjqyEtfEmDVDaNVYkl03fLUMPlMiV6UaFl7tHrhOTRukp1O6i1xjYtp%2B72ZQc1872gEQeM3YnGNWdj2jEg5A%2Ff1rvFkKYGKpksYM6o0MfJFojWHuTNnbnwcWzX%2B70o68TsY8TwiulrPwfqfPAi9eFDpAthcNZsovQpZ3LuIKvL0
2024-11-29,虞书欣丁禹兮意林少年版,剧集 137691,/l?e=0189JWglvVz%2B6jQYU652CmF8UBMpFja8WZQFB3mwAbEfaf2SUef9EcpFPSOslqqZgUYYCjRE%2FvuOREbDc8o%2BXvXt2Mt5nEWlzgOblL3evtGlGRdN5xMoAjXK53P46kR10qPHYl4ES%2FYEgp5ig7VL3iAgayLDtIgQo8Lr58Yx5LmLtOYFZwmr9BxfiuAW1%2F%2BA3E5UkeLUH3Mp1eQkblQ%2Fqkw817WZ9lnCZvNzFXuP7RRaHr6rgxeSdTX%2Br%2B6CDaXq0uBxzKeiYb90phxCvR0EqCv2wk3tCNy9SveaNM%2F87r8KiAgFZjEUDJcCT57ImhWptORbUDdEZqurArfxaNPjI2oX%2FLVmSSAT
2024-11-29,TES官宣Meiko离队,11.6万,/l?e=6dd86vzTueKUA0dtNNlOvTG9LJfga%2ByyS211hCje39WCNUjNMdfuwmw1FlEj04KnV5s7GjaA%2FlT7DGK%2BkO9YbuBjxCnrEUK2VMPstQMc3i7DMQIYtWI2kiolSXs1Fjin%2BaAqXlsgJ2TQ2mbU581t0BMqv9XZDE77n4antFoFHvImKkhGCtmcLSgRJ%2FEOg6gldfOx4VxSSCPEa51GpheZVh9A1AQT04U
2024-11-29,唐嫣灰紫发色,音乐 110851,/l?e=1d5fwjr4f%2B%2BjV%2FfeEAKpu2EFYC67vf%2F4tD%2Be04MRd74duFIlFslkTAll2IAGtG6TE6Xjc02JssP%2FZz8aZRJEYR8FWmlIaml5FPIV62eOuUi9aiAPgU5NDZccr75%2BWC%2BKdQIahtHqtnwHz047EpBuJHRzldm%2FCspQNLbxDpfW1FPYwioS2oR05EAoABueqARiSuEAlNqT4P2Puj756YlCJPBbYT8%2FKIQyY7S4ARxB%2BUplVwmvfdZ4FtiRzwDH
2024-11-29,韩国人的精致穷,37.9万,/l?e=f7282DafDDzf7MZVWTdQNc7uonHhlQY7JWLDuT7M7Hif0BuLx%2FqtQ5Ry8gbr%2B43M1MvJCAtrBWpGwS10UbXf6ABnf5s1Go2w32GZABNN9p%2FqiatwTyMeTV4SMSBCMHInlj7WoPv6Buiy9fuYSwO9%2FiiKq9ws69rukLmWCcOlJJK84eTLZa9ZM2xajGu2VpwuafKPXWP4qCr6GaD%2Bu5sXA12irfEh04pjXDpetz%2Fwnxv9H42Tik1c%2FxG%2Fwttu%2BsvuHzUXc9E72GAcyiOw
2024-11-29,林一长沙活动取消,19.5万,/l?e=f1a6twlyMuOK%2FVjlvvN39AMLfqDRtFzE05ipda5mV9LIDJzpMlIlWlcG1OI6De5zROzP%2Fb8tQJtqS%2FFbj4U%2Bj9BJxNVWZn%2BxqQnvlTAkpYRuSKW9n6nwhiAW4ymBk6QdHn9v2QroZSQzMlmiNBmVMWDrF4jhX4mruuf8imb1m%2BPsvxngN2517uu8WoOAYu%2BzeIW7oU%2BEhCgkEXFHZpBjrVbeqIMqfoLp0jsdGTd5TpteyZnv8ODBWuVeOJ%2Bw1xoDTyWy4Xx19oYPTFrFbUA16hE4D64LUZl9XeJH
2024-11-29,年轻人买的水果半数是情感商品,13.2万,/l?e=145alW5bUpoKDPmaxAABSNqi10sUy4xjmr8VPyF1dxJVL0uqMMTla0wmHeRb2epO87%2FZWSJ7LNdTeLqphuMS2Vb3Dxm9NaIiTmgxAUZpvcs7w2Js6m%2FdNIny%2BhFQWuXR0qDmbFs3cjnYwCjrlwHmPHH5shQerXo%2BXGKyA50RoOcMmVBcsyotIHog8vn5koXuK%2F4GX1X0%2FmpWqo8f77CUsEs%2FzduOHhdxvEgBHO8N2TJkdsIytPvomFpH27Renf6oXx8v%2BhxhQBLsvJTSGjdaDTibVr7ihowMHdxbNQ6V9bIclN%2Bb9Y3KRPHiJ8a6rwbmQmn0Swk%2Fb6E5P43wJSEhFI66Pb%2Fc81l65G5jKBdsPFVb5%2F3VnBJNYVAFjpED756aVbW4EWj6lMou%2FLJIsAa%2F01YIDE5g
2024-11-29,林一霸王茶姬活动,13.0万,/l?e=ebfee5m%2B8llXwmu8ZKu93WGZW1HqcW%2FlprI7in066jCTC4HHgD%2BDLrYSNYRMLs1TI86%2BtLl62PZpzOgeiiZUT9qCgddwWnVQGc3consWrMh2N8gY6yM70oLRkv3iBUaZnXKrcl6xHevTChZ74qGTZYfvxZjE981VjZR3JE6KfoF2eI%2FMv8OG6qRTSxtF4CTTIBGYtNR0USbOdBEzpCk%2BAXUxNgIr%2FQINDa3pFSKlNUTUczf77l6DbVHhJvggKaR%2FK4wFXVf0ALUy%2BH4qX%2BE1mu7rwQhjIUXG1QVR
2024-11-29,侯明昊无处安放的手,11.7万,/l?e=e4769lrMspxuCB7%2BarHbkKNilQVD3ZYO0jjgne0t3ycXikjWWSEjfdydgnpzWmOKO19nnRkipJ33vtNNLJpOBUgnkUTbiCTmXaV4YgxM9jXca3sALQOmoRhZlMttFvE6sFhMLOlU%2FB6UvSy1923bG0A2AxQNVg%2F31M96TfZenRNWrrnLOoI2AcUk027F7hj6wqiCbqNr6beRP522p6C%2BKLoi%2FnVAgrqZolIpSsgx2%2FHB16EdGGAa3ebpqqzCRyhhXlXt%2BCQUJQBVIZJTLwkDPkdCkXgRLC2j0ojWM3PlbfWOgljXqwgxdL3k
2024-11-29,上海体博会真的太好逛了,12.5万,/l?e=61680A7YIkHcVfPvMjkWu7CdJ8ytIo%2BYNeoZ7dHkMkvffT1YwRfN9RzEp9xBl51pwz%2FvZzslGQUsfnqrVIkoiRVumFv7aGkc%2BK0QDh0I9LnfbPlok8vRrYEnimFH7RsXfm%2Fy6eQdPZudgjq%2Fm7PN%2FOxEwnhMB47enBsTUbT0FR4kHH%2F%2BlLL0SByv%2Ffrc1Sa7bNDOcUzW0njasGVI5SwY4mDGx0jvOl8oTxYVyQ0WI6FEpaeaoR1qXP59jv4BaiO5KTTWpfwr%2FikiSufA5MfuPC%2FKVKZ1e7VrD1kfdcLIQlcKqrdEiOT7sLYo3GTcivgMebq5MoAJTHqyUXF4cklaAvoqYMfAq8bC
2024-11-29,容祖儿心淡全场大合唱,综艺 134258,/l?e=2f31upH08e7PYf18aUL4ykg4GAc9txb4KLYSlbmjEaBEB%2FLsZmODUBYIctD%2FPpNlkyskqTr%2B7WMhQVRlbGRv41m8uQzqaVOE1CjSdM4DGyqtfRKm3mwyKttduIdbxWGFLuvgkyKDDsyXNaP1NJMMg0iyd%2BX4pZ%2F5ynzAJu9O1Evuh6HSKKieDxSsxWtm16t7LjmKME7CpVszm%2BLJrz5i49T56LGHP93vrEqnFABnF6BhL4oO3ORx9ShYSkZ1GlBJItVt3y6o4HqXZzxWng5fsHla5NHKYRxkTdhwprL8KG%2FdxT%2BGQVfszoli3QZ90hOmpm8IgDv%2FrA8k
2024-11-29,王源头像P了个新帽子,15.4万,/l?e=8b330swRB7rOTj8hnxYCiw1IBBgry66WyEoR2P0pvU1Dq8DzNRuliF401gCl0giy8RJk7CXNmlZ%2BHs7bHgZsCo4EDf3QZ95jSH6HZbuPH5lMn5JluFhZmEr6j2VVoegE0cOIKqe0ch46VpXu%2FiQUq7yFuQgDv9slinSplZm5vvTGEdVM7VWo4phqXOKiYIlAtNlzUNeroYEbAGrUnWtx9fsizArJ%2FXxIrkvAmgs%2FgBAXmsATaGPsrjcTIFAjsdvogjgyfMDbEpqQZXL6U0Nusna1s53BdmYeb5SCXN6n%2FfVox4UhgitY74tHAQ
2024-11-29,再见爱人4第七期视频没了,综艺 295813,/l?e=80829EMI%2Bpw6SjmvYd0fmfSstdaSO8a9D8Z68oLokIdNwCeuoqCCQaScyV%2FPoZFPCyC9N3qDnRRJ8wn5%2FmEulB61mlNRmuavWr%2F3XBFp5TXpMniT78kNfHvvaMPo0eAAN0w%2BfcSSisNMniE%2BM30TsBCxIp7xfa13%2F%2BS%2F8k2EziV2LIAHAuf6D2Lg%2Fao%2BCjhDSMqs%2Fmv9Gq4FxezS56pnMDPSo49boWZsUPpN9HDITkutBfra0MzaaCfGUVOQIzHrdwh8u8oD%2FH343f59qU2cmDrHLoO9LyFZq6ZJEU8%2Fgv%2FH5Ba%2BxnILwJwLo%2Bxp%2FILPf8HjvzwRXzzaUdh9bOSHBL1ZVWxS7%2BWHTg
2024-11-29,优衣库创始人言论争议,19.0万,/l?e=a6cazej1ItYf8OLc13XkztfJahO8apdVBK%2Ftwitrj5GrxYbDEJFNtJ0T%2Frc%2FTKyN4XPdBX9hs%2FjxyV6qzbDkxU%2BwJClhyvvXz6hXkkG6UN%2FrDvQh7mm0ZmRVGA%2FzWT5gXFMziKmPEadDtaNzgrvaFk9vTW3MIaH%2B%2FafIC2mUvczLr0yjbTDRCcPrPnv0fozWMxhyn6lerXtAazaNblcpmjDugwU%2F3JAofwmb57O%2B6vDDh3JbWcciQXbg78owQiuWS3XJfkxSqUE9eJo2CI7IggRAGTz8%2FfHhyiZCko70afk5UrAhhGjg2hehwBi4m52oUinU4FwJD3kx
2024-11-29,丁禹兮看人深情是因为六百度近视,综艺 123081,/l?e=a0d7erwiCoIhyMvxOR8vblaU7KEmzAfjbUzeJQOYm8ltbkJ%2FonXLLQNbvnwoBDzYG3SFcGfMHmxnEYpLujkq0olpg7%2FSmjdlzu6j0hpLNT4efIR2%2F%2BO9LP%2BBdvzgHYZyFg7jiR9zx6XXjP8XnI5IGWKhK%2BEhvqCoXQmaIRYIH%2BE4jex1WSg08PIruiEjZuJ73GC1900YK%2BlBAeIsRQyHCRmpPE4lFkQZcsuiZTvLzHb%2F5JCXiF1e8m1WU921OQrCTxnw%2BAirPBCaBH1dx6ZFOfg5Ugb5ClA02E1oSv1ER3JU6fjJSaAP%2BAseqQ%2F7cxMyZQK%2By5QYd1XjHYq0FrstBwjNzHaLvbvQVA8aXuwc2Bm5PWRorvm86kBfxzKNpIcDeY3ojyA82u8TPBHfUPikPWq%2FqDZu9pZxdJzENnD9CBSktRdn
2024-11-29,奥斯卡宁荣荣 新还珠格格,剧集 123615,/l?e=0e4cIMZFe5TdDBcgnl9y2N%2F6PSV1FoMXzy9J3qZW38hDDJuov9x84uHkBHknMRsfy5%2BfcIVlbFDGvSh%2BqcoloZ%2B1lRVRN1Erf21NQ1AsvG5a6ZcDWsvj9cW0xzCcirr7Ed0AKL6xAD6PRbkpxiTVOvm63f6SQVwC3YNCvJxoG5KDd3okct6HvUEzU5ObCiNXR2FVQp2lZYIBSpsWlEg%2FsSNaRjDSkQXRugr3vYMFdsR1CeDUJjT4Otv1yXjKVO5WaEULM0qSCI4DpE55iGdql%2Fw%2ByfzdL2ONGPxyaonDYX%2BOcMFW0ObhOQVEF912A5kiQs8fsj%2Fw1Jx9U7Z1%2BHXcON2AqEhQS%2FWWfuXR
2024-11-29,丁禹兮 包治百病,15.1万,/l?e=0e42h%2FMwl2f4A9KxEGhr4oV8FgNf4tjvbQv2MZeorMFwOVf6cUcHItaCHK0CSZJ3TFYjU3OLrJM3ZXaBv9Wq3gSVBTyYPKe348TQcUBH49SNfpPwBwIzrqFPeF3JVdvaBnL770AWnVEonGnK92Sj1nj1VxfUcMCTju7uctuAlbVzyr8PrWh7DKqUQOmq3HT%2FXP2JRJcaewacl70SDvaU2J%2FrZJDvnbA0XMl75kwKeaieTubfmh3TWSVvSo9MsYLhbQWGlmzun%2B1InV%2BMtgof
2024-11-29,孩童被未拴绳狗咬21天主人未现身,297.3万阅读 | @百姓关注,/l?e=72ed2PuY9W58Rswg7jqhMnhqp24DaBQAVbzNp9l%2BTCjTCKO2JAqBaJvChrsgWyFA%2FIEbVA61%2FPcRdV1KFOA93b71SPyUy3Dd2gzM6kRK2CRcu6M7M%2BjtMi4FCAN4ReHDavxH9B0iqo8%2Fj%2BSqDqK9631BFurNlvIXxcGz7aXYsqSW7QHlL4%2Fafo0e6rsg51X7oGiL%2FU07o6%2Fkggy%2FfuZMMsOumYA1aXAVt0orhggn2qmgT%2FNA8TiZcRmHLZSMB2rM2bCQVwTUOMF%2BNfb9HJ6Xhl%2FyH%2BiswGNLHYUi%2FUTXUwyoWz7SMV9%2BQrtCmLbULHetwHXoX5F0Z6qc2fsRrx%2FRxgJn97oPzS3o7hhGgByYruG2q1TSbpX1x1MecQOZ906oXCIkB7RgVecKLSQmpDJcfKxHNpxs5Oo
2024-11-29,MRC对战GW,13.3万,/l?e=f13eqlBbZv8PCfqZLB5b9%2BGQ0tyae3PgEw20cKmTK%2Fva4CibXXwP2D7DZdJNr%2Fd9zl7GoWCfckkeHSsWC7pIkrFav%2BOidXC9cEVUNaREVYCh%2BRqTahsfNxwuBE1e5q9Vz51Bz2UX9qiEsfiQy37QlNFIBrzivQecEIaLm0%2F2%2BRs5VUuFh10
2024-11-29,有毛利兰陪伴的夏天和秋天,18.0万,/l?e=86a0CcYt8U3buDNZsGA8PhEaB335Ph1qTAka1ZQ2Fx9oX2BSMnjz283QYhLGX3zfPiQXK6hCulQu9z0UM%2FA5T7N65MSsQiWd5vHA2oviVdFLFNQTUOyKV20%2BH2H1RxvwPvbPtaDbKtumlbjG34cnaYr5Z5bmKMOWGAQLsLoFi43Xtg7CN1tl%2BGkoALTQv9cLKxNoYfXYcZhBZIG3dlo0atOEKV2TC2OOqxZCH%2Bv653d4xvPpxctNlrZu5CHafgs%2BXecaKW%2FDC3zn%2FO5VDtYtokl%2FJK3kARi2VVsNHx2gSdYFdpKDhZgTLnTnG%2FtglYdeikE6Wcx5WP6fYjWJH0FjAc7fDDmDqOSV6KQGVajUiSiIM%2FAdvFzp
2024-11-29,南宁一家长称15岁女儿孕期被砍伤,11.7万,/l?e=ba59dFoJc0%2BIW5N7T0oCwmWgCqGjIRF6QDtWAjPTCfucvqiE0st3orRl5YBv4Qr%2F7lZOFsTgZWiutMzezDM7XE%2F7H2yBo%2BE7gST%2BTuwvq3n6%2FdbMB8h%2BXWLhKP45q%2FC11RGhzvnDIXrFAAV1N48zoLyMOsP4nbORzoNgtGGO3VNiGhJlwoxH%2B33gJF8tukRE6pVLoVSW9LqbvCly3ny8rCgyLDkQjOY8w6kjN2oUnsyuR2g2rY%2B0vgEXLUMCs1qeAcpeH6HPlc7XT7bj8LDA%2B9Z8iLJkRFosHMOSJY47L9mVoMtqELzDRbagfexcpN4glKLit3YSRlQV9pK16qypsvVJqLEjEYfSF4DLCRAJyliO%2BwNt5VmOSKeF0x8R4ToAY1feDXm50Cb6gtGhC%2FFoye2b3gdJ%2BhY
2024-11-29,杨子黄圣依 人设,综艺 110717,/l?e=ef75jd60fikXBaypRgRjWDcZpT3Z%2F%2F8%2FyF2JB1qeo%2BWMs0%2FBpMvtUOUrmf%2B0%2BoaygGHkRGLFr7ycOmyO1OFBIrVJg67XWLe9zTS43ulpajj0VwTZrOLj1zbVfRHhh8%2B6IW45zDBRGQrjRErUEPzydeLTDl2JRXqImY6kD79nvuglcUamF3p5DcmLxMIjjDbXazJFWAy2bcexU2dDtORUzjxJoIJj0xrEPogczC3d8RZPGDyaBcqXvUAU6fYJfR7eayYLMED0NSENoFqz8Okm
2024-11-29,张予曦 初生天使,剧集 127019,/l?e=f7190PGTnHyvoRmDvL89EsO8j4xHfJYdJ7yy9jgp7bCG%2FKXjXga0iJkg6nBgRvY5CtjgRo4gEZYPGrxKv6lL7gxd3tIvgJjYEHjKAbnsISwfU0%2B%2FFRtxbIwdqLGdyJVYBvkfTjJwE2etOD0JMWSC7cnUxeMTVTu6U33zymUUTvIHGEy54MVm8hD4Ur2z6dtmHZTdUlUM%2F7gzChrJ%2BVssEq8Av%2B9tQybkGMd9o%2B%2FFK%2B85Pv6HKOsN%2FMowHLKAed9UG3e1MiTS2rth3B%2FJaUSQ
2024-11-29,3人1分钟抢劫金店价值千万财物,15.1万,/l?e=beebKfriGbRdmODIlfVD60NwOJcS5cd0tRWTMPHSIhBAAS1yLvmzDyjrblMUaC1RroESOv7El6%2B2tvlbWphaikxtfJa1Z0xsO3m66TR98aJvPdo5W2QCUpCsg7GGyCKG1nQ3IAlE8r9jqODpy%2FXhFjopcP%2Fs3ms%2B1eJnBSGhp%2FTk5vl1jRnSi71YprxJGRUgoPR%2BkR%2FQD81SRZN49ywP0o4Gor6oOMnIhcof4YCU1kkuDPX0X2CzYkHKz7z682NJOjPcXKpASfOw%2BsEN25z0TYnoTrhHj0SQ64ZubqufjKLYLvySVj11NwmpRuvbzNXhoGcw6HwGv4rPMMkj5OCFI4HR09pNGMefjUgpHOC8cdl9v5StWEYfz0TMvD7tVFV8yMD6CvaC4xg
2024-11-29,派出所回应山东一金店被抢,721.0万阅读 | @大象新闻,/l?e=94d6Di0O%2BKgUnDkad9MS1%2Fxw9YLt5Q3IiLtFJTijswI0qGQ6Et7NUhhn%2BCU0lDT1F1IUCE8sZ1vKgFEsX3ZzxnmJ9JNG312c05vVuleZBsyBjrAc8uK%2BDCQWD9py1wKrpSRmG6yCFn9WfwlpepgLQrX37%2FjI%2FBsM43C1nijD8srSaIKihw1%2B9g4%2BrxakHePLM6e0hZYWf0O0zCYctCmviJjIGiMkC9DzmVcNxG7o7vsWoK2nTDVKKorGc0FOnzGLQupx2AkfvTG1%2FfVHebAnloJuS7kpW3IFYmnRLHZ36ljqzL1eSAKdBukDxMeFUYJyxE2q%2F7yOBJdfo0Wrf0WA0q24QEZwfZdQGSwV0lSjWM8dyoKMy4QN
2024-11-29,珠海户籍居民可一周去一次澳门,1021.5万阅读 | @珠海特区报,/l?e=3bd64oJNUBbFYFy9B1nLN%2Bzh%2FhPmrLMMVQsdzVz8Uuy2kRvPOhVi8AlL7N4R3%2BOqinIF7hdCBFBoQMhW3xWt%2BpHE%2BV%2BB5CvcQNmtp5BQtY359SFt6DPqtLKy%2F%2BVe0lkd7c%2FZhyGfK0aCefdinfoqW5oHo%2BqlXzYJORHh0Dg0IlrMo32%2BS51LahX8hWEi9Yr9zW5JR%2BjNO6LzoA9RCuOnHxCD1wvtltu9zk%2B0s5K1IsOzLS628MhL4qbViWM3oAKDqCy1HENxNpU7PFgOc7bnBXtwY0iUgTZfxEVlAmZeGRDlHq%2Ff4I5XFmhH0ae%2B2Sd3eUl4k%2B5XxKi%2FtOGlR8fFfDAMxMoF%2FWDYFAQqGfQkhERteVRCqqF35V7m0xF63WGEXYsottPXBtbZ75bZJcWBbIlmXWjU
2024-11-29,蓝天救援队辟谣外卖小哥海上送外卖,,/l?e=0133sOutyFPNIsTb%2FLkx2jOd5xp7UlOiwf3sHTgyqK%2FkroEuYw4fiqJuXFtjegzc%2FrAEJYoIoEUfmJGdHUCH0ueKbk9JRiSonhuXbJbPSIqYS2q5v7Erpd%2FiL6NNpTiFTX%2FctQ%2BKWewNuQm3z8Gw3gyPSqWS2evZ3IvanRd4D%2BlP7oCyLmUg6ZVhh06OQrySQLxlAFcsBnWBlJk5miy9f6e3U%2BSksMkFv9MK48hBATmZmBnvkQEsReAxCqGvLVqfn02BLn22hoPl5Lc1W4XkWj%2Bv%2BzKK7b%2FEL5bOjbsvTQ848aKmErlIugUwgufXjXEaHBQvg29b1jkaDM7bbqYNFVOtj%2F4ylTqVJDx3eHPLd8a9IGf3kxjnO9bBbIQgU28r9Gbs6pzIN%2BsXFedRFfgKvFWV5hpLCRpBkLKBJRyE9DwbfQ7Ic2qImCrqoud84yKm9LX%2B
2024-11-29,卫兰她整晚在写信,综艺 136195,/l?e=17f9rtvtGiP%2BmH8rdvUOhf0%2BrVwIJhp%2B%2Fjxa3tzaVudIQ75MUPFgS5nDc9nIDBLQIT7Yakv9%2FliPLVwp2fhFW41obVQquPUKxZSoKw6Y1NOGTfsq74wetR5wm5yoyyI%2FcdmVe2cBD3Azha8F3afaTvcZD042qieFbHTfz%2BFhjX%2BFk9oLtgEspJquRuC6qqu7AElW36q8hKOew3oYRN4nJNnPLTdkZHP%2BPcCsEkzL1AncTKL3JieUMrIZbh%2BmkNNEF1md5nqyGC%2BKrP7YSE%2Fz4MxQ9PduM3QbhmSO
2024-11-29,鹿晗好拽,37.6万,/l?e=fb2edL1GATypkIOXNdUmA8YaHotxyoEXNznkMdQd36%2FbFoLAwQCZQT%2Bm05DRZdW8F22as0OH45bb2DpTTx7ku1qLVJvB4t94JEbWqpbTKW4iNDLRd16QCIh498j9A6wSdbTZ1B9xavSHolnwIZVyM5UGHlmWJ%2BgyZsf9KHR4TR8WeJ4gPG%2FsAGM1lj%2BkjJq%2B8IZRB%2BFqHwweM2UQxfpc
2024-11-29,108是法考生的幸运数,16.0万,/l?e=3f0d9zv9%2BxAWv%2F%2FigffOC9T5Kb1PLHKLNNORE2JIC5lbJP6XEU8jYbtJrN3a95jvWPzhmXPmypHp6AtECUQjQ%2FPvGRjwU16rmsSCTcwi8t%2B3%2FstGeafMIZ8EEIBCVl9a5q%2BLHGQRzSKb4USp%2BSeOWeUNGFvUkLHM0n5osBBJ%2BYWmy0a2uRKc0ZXQwiBRN9xay09w9ql8nIJVp6fCz8X%2FUI8zBLepswOiidL%2F%2FhC9nA6fhxfaUiZeXmwjgYtDb3WL61Pwv3mexhM%2FYt9LYxogrk8Nqlu8KJAGSQojx6db
2024-11-29,NewJeans解约发布会后首现身,16.5万,/l?e=38f7jHBkO%2BBF9zfWJOm3znJaTpPLXmj6uFDymkTXGZ6SxduNX8UR3j65SUTWpafSt7szYdwEnwz6xhDOMSGwj0UVOxw%2FSdVOrK2NAJs8XWlimvcZGNwleCZRkG9HNsMRvYaI6Dwzkzj7VAZy65w4VR%2FA0KxntmXOiLb97HOHus%2BJRK1T7kckgRUmq2a5RkNTVDZHmFZC4%2BJZQq9ar3xTl3lEeKur5G6XKUeb8%2BgPPepzBgydcSm0jlEFh%2BIw0V0TZp9n03U62VtYYH%2FKuJbaMIqJG%2B9t7XRvFdvRM1HsA6suVaMfSOV9Pq3HBzlsDSd3daw
2024-11-29,唐嫣COSMO文艺女主大片,16.5万,/l?e=9775TRx9yyZ0WZ02uQuP%2B%2F9cUi0gQyemeJWlDtBOSSOS5xRVmWk7pB9zIN8DQ65ObIFKFr6qdUJ7DKjwHHvqRANHWlhSBYUF05yLtQKzYuIUbHEgsC0PvAAbOSKxk0mdimn3vbV9wc6RA4ms1Wa17avYctoy03ZHzX%2F7P6pIFEVWc4sT49Xu9KXg%2BOBTm78EzvWC5eQ0TOd%2FxDBeVsd4rnuSTupG%2Fp%2BdF50dXDEUAs%2Fvn%2FbiTKQGmLoXafh72xe3AgGYr2kmViMKpNnAeLWMUp4Zv8AdroWXwtN3h6251hA
2024-11-29,何洁时隔十年再唱rap,综艺 181138,/l?e=8315DjXwvXuq6cNdCy7zpxyf%2FetjPpt6ZoSxvQObXLXZx%2FbubSQrrGk5W5ETYemrfZhXBRKDqU4CVczLxGlxu7FuITmZ34XXPRKSZDXiht3e9hqGSVmWIrb9dsRmJfodb%2FCPkIalp0Zfj5UJoiUQVJVXKyNNyE14cRiL1Pzf66NCbwG7wLPXWtmtpL0kmFr5O5U7pMAeKxccHy8gA9TYGIb9gebXqC1l93Egadw1w%2BhleJzPhH84dbdpV%2Fd6Dxlh%2Fhe7vmvqnIJjUItW8%2BnMWn9PKIxkhxIvb9%2FxJKTY
2024-11-29,古巨基cue宋亚轩,19.6万,/l?e=d37fAJ0bXvw13d90piTQn5vRh1Ti9ylILwiuktz6ZfupJc9ybc%2FkEtXN9ihWbtd8pfJfmeK%2Bnc4QSD1MLvtyulyd1wgLWF%2Bi8AaTv16TbP%2FK%2BIiV4lM7%2FjYzsJcfyY0x9pNUCD9opm9LSNBDV3DSBL6YKE%2BzhdSTfq9wikHEu7%2BN47iJMhtazgbTQdiOptZoUabMka9KZCd3qFg99so6fm7cvoawWWzmUnN6t0lwJ9c7x%2F7MKnp86Y7xK3aLY0ue
2024-11-29,WBG官宣Crisp离队,12.6万,/l?e=ec88%2F6nanShhHgnBY2QrU%2B9AGtEYDC2UjagKsYA6IuLlsbV3ch2HXRb9sLWj7rE14CNAcyp1g8R%2Bv4ybVxfWEwqdI9bH51HVU4rVr5ec0kqjInozBgW4oogsRIMgRcCIwRcqPrfSOF4oYf0utP9cdWKMdBFgxVyeTdWBwh9wK7QmGMwsZI74nFTzgbcNqTjGdY5PnPAUpxB8kArl%2Fhkdis8TPSduENE
2024-11-29,11点05分是郑思维进国家队时间,14.3万,/l?e=b464W8AKv%2FsHLdEC2%2B%2FkGSNUITaEdmaPFei3jjNRaG7ePdxTpsPRSNVKsC6PY5lo%2FjwS9BgUayIQa8gVqmtgma7ehf950V0t%2BVhXxoWDLkB7lcrUuqt%2BdSieTvNtlrpxKH9zoe6aLAkOXzNGuV86qtkMYc4XGUZKepFcvXb%2FpwmfizdVnHOK9hTfHWvVFOTpX4EsYnpwDECkevgOb%2BevU80Hlw54UvDv6WO2wupH%2BqZWuFA9sfdO9D8RHSbgoKTFMsEjB3cmLqIamEEMCjVJqoo%2FfbYP5TBL8mpUEzco3MA3IbjZkDgwDXLVarUGQLpa37CGUVNspKocaGdo8XBLYUNOq35ciKkcufYDfuCsqv2cvdmRRR28vNUuTA
2024-11-29,黄雅琼回应郑思维退出国际赛场,26.8万,/l?e=4f22fBZDBCzQJoEidzswAvrm4MWiAofYTRTLVsbUF3QtT4tynKSS%2Bn1YWT02hRN7xS32XyAX41anlYtI2iPypAjmIBYr7lUu4Ra7sT43q%2BPLJnxzos3VvF2zqyftGU2rCCFCvMUZ9rE9LA4%2FneFXzmSwCjwEgHQTz6v8I7Al5WlNgriCMbWQIePrR1F4JvM24m4%2ByV0lxVeTwA20blrgQdOQMvqs8sGcB9Ov31SMleqf%2BlzJ8Qyj5wWq7oM5IsXWsUc5XOTCVObDRVQaWdPl2me%2F1XXX6cV6MFFb0BXYAg%2BUuZ1M42KieZIdMn6uKnbI0cKoySeSm%2FfvgLKtQRencEETHoOK2lOhbrt3PEMcz3ZEPMZI3yKvxLRYDDSve7WQagq2YAyNOZ6EcxR%2FE10ik1m1WieJ
2024-11-29,中国奥委会祝郑思维一切顺利,15.6万,/l?e=84ebZQ6IHTQWp4evuN%2FxXh3lCI8rLozm57YYuPRV%2BGeyPfDB8afhLuruJQXtDF8HNQu5FkEuV1kJFcUhXPe2RdYzhu%2BvP2F7u8E23HCkef%2Bzd0IaaeqaNOK8LGM18FDsTjUAN8s6%2FCwghnwRTgZxV2AGsa5D1i55Z1i1G%2BCOSFw1mDf1KAHv1sHoBCue%2FdgOMBJI6Tl4J8DIFO80frHEiBjDQowVPqf4S4c2xYhrmCLeShtwjw6%2BK%2B7PgOj9tcgiIKI9xbvQ9olvVfX5KOGPcrZD8O9HIFUAXp95Xy3TBcxmeGDDWPdtc3VULy0ifdAOXWxs1jcD7%2BJrLoYv%2B3GKjySiVMg5RTdqADeAe35W1cWCf8xpH6iOAGXsrgg%2FEI%2FxWkWE99yt
2024-11-29,陈少熙预言家,11.1万,/l?e=8666txwnJ15a1848z8E0pPm9BXTW0y4CCEVhVz6KO0AU4biweewsBswrKirBRxWHtBziVXn4vzYcEhaKb4hMz%2FTVuzhMgt4O78VBEW8oNcITppyifBpEjx33Iv2j4wRVCyt8XA8kd5QXb0WejDqZ5h8Q2s%2B7Xw4qiIsfXNqFs4%2FmskJ6ONgtIwcJ1shwDwMuzhzz8J8gH7VYEPOBNT4sQDm7Emn6ccSrwplFMdgkRCsW%2BXGiK5OlpSD5eOsr
2024-11-29,羽绒行业人士谈生产内幕,1315.1万阅读 | @九派新闻,/l?e=abceSQQtHIqGJQevwZ6xRYSax2UK7mwox1ds5BabpnMD9kfc2ShNUZalQtYmx8bRGlvmamJC7WCwqvY3x%2FHeSDdygYLuSngKMhzPDcd%2F7CQDdsMnRxW6Ad4m3bJl6qUrCGGYyKaL509r%2FmoyxIGKY7qvt4qqFranILcd5Qcb5xbhBjhzsNvArLWFXBfhOUdUzfzeEVfRNWivj9Iib%2FRVqt3849mU%2FE8%2B8oSeQWuvfv0eI10C%2FTGABjMGd79R54zjXHf75gMviXE21ZbcY%2BkdIqCtBZ%2FDDDlOEVDIC9XNlxl%2F8gRmhTNbmLyBbEJJPX4EtYzd17%2Fwmi6WYoRe%2FI7DtRW1AC4E4Tmo
2024-11-29,官方通报学校食堂吃出青虫蜗牛,511.9万阅读 | @新京报,/l?e=7663gVgwip9ROvvQFxhONRRrjN2oIFNpxpMjtmXIlS47Da4ozKDdcj%2FcE6zoYA9CG%2F%2FRoF3V1PtBL3c0FSgEPm6UzkN%2Fh0dZ7je6lAphKoWrss3QoRjQjleA01Oso1kaSrj21uNbKePK4ERPTrxUkdF45U662V2tqLIpa7jKTZ0d1TbP9fpwDkOrpHZK1deTmxzrED0vagB%2FXviIkbCvf0ULvPVRFY2Qnh8pJnTEXJXIqm5U%2BsmNMdidc6%2BYmcY%2Fs%2BESVpIxSky0PWOEOTZlHqjap3abxRfliegbSvM3YhDZe2g06QtgWURfkWC%2BfFTE5aobjFmWJDEH%2B8o8iIEhH9V%2BcCgpWA1YhwK7EmRwH%2BDG4jBF2z4E1UcZ9whCKk5bEDwE6TNG8ZETvsZBR2tp5xlY70il
2024-11-29,婚内婚外老婆情人饭局修罗场,剧集 116034,/l?e=84efMKxQttzTRLLOBpFCRBfBZo9JhZ%2Bc8G%2Fl2rWRH7%2FfkLHYmcrHQYExcF%2F%2F48PxFtmOuU8QqQLdlr23TgGkHLZrgna9EYQHaHXbGyif3aAXNeeL%2Fv1dV23hR3S0y8xVJjpgWhUjZQJhvy4BlvIglB02jdkfgihw4Aj8LRhh9VAxUFBSwofKxjT0PWCx3SDBLEWWS9EtOkgGy%2BspEHeWZvy3u6waHs%2F0IwPm5f1ygjBoSwUc3JoxCX1XqjTYRdJrQPpS%2F2KqzKiCMkW0sWnLEbr0xVoeycZMAyiemzeE5Hsb8gKZnGUGEzjZpd2IH5fnKEmPlufMSLNwLVtvkf0rA1t3l2kyU%2BRFrIOoHqrwabxTlvEibsFScjvSLryPUBVVjXRv6G4k
2024-11-29,Puff和Langx和解,22.8万,/l?e=2010qfBT%2FjQWxDym%2B6Tt057bDk9694U1zFx%2B01cM98wMWxxJ5%2B597yhq6Jz9jnXXKF9e4Y0vK%2Fs8NlyQZuOYE78%2BfPkGLlXB9aE1%2Fx59YnWXpbk%2FpsaZnes%2BTaCW1J1UE6CUFWw9dY7z1jdx1wz%2Bd%2FV%2Bs3yuEbAyhInJv9aeF9eRv57fjPuHfPrPwYBmrnZhIm6oh%2FA4qrM4
2024-11-29,国乒备战2024成都混团世界杯,12.8万,/l?e=c510BwF31%2FDJJT16rZh40mfeuedJx3pbzg81fl%2F1MFvjYah3tAapXG7oU2uAYVjzGFVonONQZ95cUcxAf65ZN%2Ff1lb6%2BoNsN6WEBL0p8au1kcZyLUIuRo3aFj9Rc86PGicQOSf%2FW0tNGA4Y%2Bi4phRlxcohlM3OOSybekEAKwdcGMQyN4iUROedevBjVqmpjQWX402TdANadw4l9Xv%2BAYIwJ04n9MkRENw2%2BZhDweYC16yFBKiVs7CBWkWq6719ZOajX4CNM7XjJwA%2BvNG1Qk3HtQ0tsIB6YJj%2BTfkBkeMNWniO7%2FLMxOlxC2bY%2Bu9S2whmsH6aNbdicZ%2Bk%2FEtWNc8hpukOhm4d%2Fq75w1pA
