Rank,Title,Heat,Link
2.,鹿晗回应喝多了,114.2万,/l?e=87ccnQetbZkGyA0krdmSDjloNCof%2BsxTN8nx%2FNY7Vcoz06fPo3zI%2FTfaC%2FeFTcVljbGkKGIoi7WaxKMAVtB2M5iPjt4gKGY7EVpUmGH9ue9BpcV8l9ug6ITe38NS%2FPzK%2FWsz2JnB75JY2jLc1owzuTX3CMJQfv8Y6lF5Q4gmhg4CqpBqSDvQPq0uwieei8dXiAyE7tcduKaUaNW4f425VSXhqOU8R6njvnTC3%2FJAvTpL7uF8oifEnQ18VBeuNINQw2A6fU%2BFq1iMXToR
3.,美国女子抱婴儿袭警母女都被射杀,40.0万,/l?e=4938Wv6sYAynlzgREl4tI9%2B%2BYU8hH5G9Z8xPhU86YT0rXCg6hEAputOzn9QMUDixDowYteNsH6DKq%2BdmyZJQfPYUgk%2FTLUkabWS%2Bz97C5zrsYbXUDeOSJP0TPtiOlEmk%2BeX%2FJYiIhh7FAPsVKz8TaBkonpWq%2BwAL7MpZs71BVNLBzYZj6oIuH4o3XGFd7CLs6Gn%2FVCD%2FWxse8AL88CGV21ZNJUM2QJXM8z%2Bypx6KtPiqW4w1jituQJAFrdhYfHbOLNRGZHyhRoCiY3S3joJIMA%2F6PO7abAE6E4CNGZAOaABhIOh%2F5Onc%2FVokk9Vv8aXiEAwPb3MKsafUYdh0NyxwTC1Ktd9IaZu2mFvdelKfyxwHs2JSG3jHwFSC3IzECH2VDnwlHO6NgEK4pL0dY%2FukRVEORpw4DnEqs8vbYo9eTARa7y%2BL
4.,43位志愿军烈士遗骸今日安葬,35.8万,/l?e=95bdmXBbTbN1RqWQyeiOxaKBhhxm3rjf0VY%2BjpODJUi4vj%2BvDIa7i46dAqnAq%2BuMWZPbFk21OvXEiqvT%2BdMRvAL1cEbd20ptafjLGo9TGxU3R9rLC%2FTSyupeih%2FDL3HR7VXhm%2Bn3rj5wOXaRJjRVSBruAfWmVqlobVqfEBKvSKCpAuxino6iF%2F0r3wq83Ye5VbGxNWS1kSynVeVRPnpLUhBePZwrR4lxpEWmKWdK7SasKopMlx0E934ZPoY%2F9YYAcw7ZgGjdnosT6Kc1Y7KNBX%2B3oYZDoQc9b5QBBXJ70m%2FvO5mYpqE9zHBu9G4IdbFCK4XUudNPZVMzGkD8mHOv0tazKBskuWHX3fLShxmacmmR5loQuc3kGQI
5.,OPPOReno13今日开售,,/l?e=45aevUQO64BhCc97BT4ZF1LvOC74ixuUR2W7f4XoYiPoiQ2Y2SFeACwKfMNyNKTzbm9uBwe5kIgwhSTx24Aw6bjRQH81glbYmjnzhmGei3%2F7x3Vq4jbRLS5ERA3I2s5Y4YUlZFOfSPf2AoJk000bPzUyZIfD5Cpo4%2BjAH5B8Qlck5Lup760og2HGnoxIWxdaAGGtwCglpPV9EvidXHX2jcAsPJ%2FKhspcVQ
6.,17名男女KTV聚众吸毒被一锅端,35.4万,/l?e=923cU6%2BN5UQ73M4gSSIFtXBCZOfwl4c8%2F8r2OdHOMqU8NZt5f7vnPXdvHxhAP8FYwkhkalfLuQFDS5AEyc0jsJ9RIsIyQKyakCtuk6bl6Yiy%2BC8%2FbBztC%2Bdp0SOX426hK4bSJQlZ%2FU4KBOu36xyW1anCYH%2Bffv83%2FY4VRKgo2AN4ysjMddZKBPpofd6UARUzt0ZX%2BOuidVF%2BNYiLJ7mm1ICm9OSPQYBpcKn1kMF65GUaUZqAXmiTN%2FV7uJXBUUhh0wCnNgkU5WspjkZSoTGBSBwzpAqjpz7NBfvcEeXbovEeqcyYJNaMEamJmiURjfpihBnruJ2SYFGw6Sh4RFuSQssQFMmFS6MESZ2vAbw
7.,韩国人的精致穷,34.7万,/l?e=3eb3K%2BuOwuHR98P3DmRZk2n9EqQHw1I1vDuDdjGLKdzhR%2BFKo84nP%2FnkKwjptm8zHSBNRKSSjdlxwCi8eTDll8u9ojmMQBgvnzQ7w0jW%2Bgl9gZgr2r5H5GrT%2BS%2B1QyJs5FBJzG6CVsBmpT5PVZHMgZSbS6rRvJXmbzz6bGrEYMatzmT5KQ6rryU8hHLJWk0yyFkGYyHmvuX2n%2BX9ewfxQ%2FADmlAYgf0EtsITuT%2B%2BEDExkNcZc%2BIXRNjiywR2tl3cB8YK5FC60IdYhRZj
8.,鹿晗好拽,34.7万,/l?e=7d9fSWLx3Zsq0GWnSOVAQKOWhvZG%2FFNE9QGpMtoJCVc5SuGAHC%2F08gtEzbpc63WcW9ylrw1VWXvJb3OA1Ilm%2BEhkGh%2FvXbfnIgdQTqmqx8KUTDJqmZOAEX69cfKWyRUPrlqI0%2FRozBkTy4pK2B4mrsINNkGEhh9dA8v8HPUX47%2BAPvPWBvB02wAU35V7eUZC%2BEkVOePBpUcsqKWS4UlF
9.,星动剪刀手养成日记,,/l?e=87749ZEYSUWM3SsmCsyQx83is%2BtEA8iaZIL7linSRVxikAGieiBOB%2BCmcYySRXq7slDNNBcdh6YAsFBqTvWVEzL0rqoOoaFxM1yVSjTL7lKLrUtmsKX79xmKVoiFi8VeE3beEPNAhC%2FHGSU0Gt6OOhSjAfrfE8UdkRmJxlua205oG9DMky%2Ff0RrjEgXa8KG4ukhCghDOSYOVALJl%2Fc0RJ27e9OWLYUHl%2F7e98hjCxbWbyA8EtPB2ItwioRHPFRKe9QwZ9A9j1ITfuVLZ2UayzddXNEbK9JhQVcGcdBu3X%2BRBcCazpiYBqHqN
10.,山东一金店被抢损失或超千万,34.5万,/l?e=343fITc1EoTqxltuCb6vLppKdS0z3VtsUN0vw%2FY%2FUNspy2FCklmL9gMC1PPEVZFayXyrLueDLFF33ClbgzPANF%2FkZ7vNK2OwlcNqouuFCYMHB6vg0pZBiNszMFGEyZB1wC8s%2Bk9D1ZsGvrIYVr3tCY0ph%2Fzzyur4h5hBo6mfrE6pyDeSjTbAaTgNEsPCe1vLEca1nxHOGVS2jTQIXkmhgsSeQo8ZoNfgwTKBRyCbfPQdVyOj%2BS7791F70E4%2FqaObp5MNFLy31bKST53YKxmPU2ePspFOlOuJc8gJq8eo04J1prJbdDXYrF1HHWlEPwJT4%2Be6WvvLseMpc7%2BeMembuZ1bCc7UyRKhORdDt7UQc%2FjenERZVrlkBeEHRDNeRXGgXwQ9b8ox
11.,再见爱人4第七期视频没了,综艺 342509,/l?e=527cCI3zYnKHgp2AaibBmYsseNtOE7YKvb%2FFhrjsUPN8lPdYIoQx2lpdtIuVTKE6qJL0%2F%2FezpYgIg5eyd7ZK8iaJXevKbK1bTzTPce4jQzsQ%2BIyx0gYaMweiAlnG8F9XTemLpwqoomtqm9DrivO0rz5dd3%2BVvSWdC8RQWl3POThTnRwBCZhi01v2Q7wQYw0qPPgH3L%2F4tqpdzwj1PIqF9XhIEFcV2BahdQ87Lk2Qij%2BD6gRk10WtW3jUBj62hiHtLt%2F%2FppsLegvpq370yuec6SQ83lxrC%2B8ZCklIPwGlXlGvNvvJ8vhHX%2BVV8ubdaDryHg2Lz0VxZVPBxMuhjABKAtmq5t4bKCQMmg
12.,冯绍峰接想想放学回家,34.1万,/l?e=3ee4cvtkwT1yXg8D7wdtXMoW2b0gr2yw6sN3KL1uH%2FUoC1bCwsAJ7kGxm%2BqSTLwTMshrN9o%2FVH09CzjBDe%2B3ITWVxMV4b7Tq%2Fahu%2B49E5beFqqGEVSAm4xxbMxkUjMmOAdh4L6B5VrkymkOtbzvS9ybeCjRSBYzJ%2BhiaZlBb7Bp209UrS6eAi9F2U21BNh2mRsmEfZm2B791pzWvvTca0fCOvIRNI%2BQ1CMX8RufhcJKWGNmtGJw9DPvOe2Epl79PYGg7UmqSIZolBDJ5l2dnTFjfMi5rj6T%2BkgcdSgSpvY2QuY39cN3VMwPO9uTJfUX6KQKV8RvtahEF
13.,猎捕野猪为什么这么难,34.0万,/l?e=f2e36OVKYJyGzrs3Eq3kalcyjyc2%2F8zzvlgdI6dN6MoXuBTGWZyM3V5edJJbZYPVUEGGt6ku8ljwERVShHde3uVu7OIqMxA6xQy9HUvfReFAPaoJXnojHRllE35UsAowlEgoxxLTbcy0940k6DOJUbFevRP9Re8lwShnH%2BNga6rTcqt6BJRUEQBVqWsGAyxwxsTpFhk81DfDAMtnk4ul38CLyuDc5Z46k1Ln87kIONxvGKcpcRlBQOhEcRbWyxEkiB%2FBdbfUo5ZBdWa4zHwzXbQArdOAcp1zUaOc9umtC6q1TMo1ZzpDiA3wpNCs%2F0oVi8dwo9PSiSm1
14.,巴黎世家售出8天后要顾客补1147元,33.7万,/l?e=9ad5Ml8bcueiwY1BecLoSMSIDdmgR7sBljgwZwCF7IAclArZ45jJy5kIbunMc3zFUR2DcQkYIo0nD4OqL0y%2FLv%2FiU8KsBTE6um%2ByhW7xwWsoR6nmXCe%2FDf175rCM5Xa8kZX%2FANJvj%2Bm75FZ9F1bBUtjKw2Yy4RuErzz5TC1Sc1g%2BRCCsi8jpEtJmNJeknfygDEC32vKFbTJW6lK0D%2FjhaQ3BW%2FS0CIv8Jjin6iZliKm9YKG%2FnPkD7DDFnCFkAa%2FoWr8vorxHwZcwJzVVxJI%2B9v8YgsSTxitHqGbCKSe3zPgnq0iWR860ypunjTzyNeClm8hSrcf2qYPEx2Lr6lzfhIgznv%2BLDtKXbYK%2FHOCERLhLbkjDmli1TtPF7SNrsmJevQeVoQChcnkk9fQ
15.,黄雅琼回应郑思维退出国际赛场,33.7万,/l?e=dba4JLWgLtxzTbAZnHP%2FYG7cPda%2F1qtj3eDcfVT2GWBrV4a6GabNpMnMLuoY3r56LwrWxzyrVxzL7Owh6fWvzeRpmXFTHbXwT8HvvDcwK7JKK8VAXl0ki47zm7QpeTKIezS7YPd3deA8oc%2FtbKoDaRVelAogGeU63ilQypvAYVZ2qHkr%2FRB50CTFfbmw3J4lMqP5igP6akMLP5pFi59NA%2FZ6CmEgYP6GimAA%2BqTmd%2BF8Py8fjr7%2FW93vxe1XKTr174HWr6g4eB00F43Sz0w4gjcq5ZhYLNIc%2B87VyRTS45CNnhF7PpXMlBFgbKUMM2J9ZAFfXmA90lBPPvn%2BoDsUqfVQo2MRbPsCnNKc7auu1s02K%2BwM90P25YuAhmNiropS3kg55GU5sgKP8J8c1OfZUTIqHwmp
16.,蛇年春晚标识有什么寓意,综艺 334408,/l?e=e3c0Jcmj4jWpemqRWm1Hc3vCN2k2T3jKSd2swAuW8BBb7tKBCtVN0vxO85coG6TIXQotW5xlA3FtIi%2FS5LvF8NMuCmIjTTwlM9K15ZbS65oR9MSDpN%2FKlEOBB66JE%2FWWa0GGpg5%2BFsS8bC1EKlh8hwm1dFex6ZB%2FBrYOUhZO0XPknf3orP9WsD4MynHKzvgsGIn%2BPnN2VNBEQ9hQhkuHEsOtuyP%2Bs5KneraYVYqYHTVOmw7TH%2FoDVnHtkpnvES0lb2apdBKpQGFn5%2FxcrjXRWhqxlQFIRtf5XwY4W%2B%2F8C8Ddm8vFebKiv0%2FzrImjXdH7%2B8TulMVuOohinIyFI8aa%2Bop0x8pv3xsC
17.,林一长沙活动取消,33.4万,/l?e=ce03loulzX%2F2%2BFWlgkmNdmKyxUp8u9%2FeOQs0KmM6S3Z2DB%2FfNt3AscpaCGWGuhx8iTjWJwUPIMqSFvwh0GbhvDjlqM%2F3LPiU0RHu9tIA9vqtuGARR8eZuz2siSY3CYRb3AsuRHg%2BOnblFn%2F5vUhEOE6%2BfQlmhvGWHaiw4T%2BKhmNCSSNZjxgXGUwDC4UB2q2KBnya5DaS%2Bv8%2FckKk0dKwXogxNGHQE6g0yqiZyE6tuJZD%2FKXF3JnP8qmKGcpMNGXCvfsnuSnMe0ZokHIMN9b1m8jbn7xeGLvZiz16
18.,人民网评白夜破晓,32.4万,/l?e=9a85bDVgZ0KdVjAlvt0of7dDl0ZSshK9oK%2BO64KsE9HrZzk0u7Gi8bu0cQUdoJuv4C7%2B8FR3oqw2PGxSAJ%2FqsXfTVX14eQkl7fHygbpvvIlaWmLPII4hz2Y7ROwpUyI2zGyPDDLfrN38wk%2B1Bz0cVaWndM1kKL5977T9UjHBcdEW8Egen8MdeiDeRdGZE2XCuY6IEgAg7Yyy52DQUzhdiFM0kZdcpm%2FAqNtC3hNAecvfGWePcaUigoEvvnkqKlYHKmgdDp%2BQifVr6Ct0bCNR8lKz9q2YPASta97c
19.,蛇年春晚官宣,晚会 321035,/l?e=32e4nSTJIWQ5AUjW84MGvPQqTTErGjJ0e4J091r74uFlxxiL5bEOJVhgFKdlcTCGcNWw4ZcThzWZQgGybNV4B8fkmijnrW%2FvQZ8koXJZW8excoFXYHdeS0%2BGIe3Uo%2BeAH2fWe4kISQVasjEiwoOHbQX4aPySwrJrlUGTdo%2BudA6W5flohB5Qf98q5JRMifMERKZbW4iIQ8j7CGM58jWpFwkQhBoKafmVi0KnbdWR8w%2BGWLgsYUX1kA8CMwMT
20.,辅警因为一次好奇9年后救了一条命,28.6万,/l?e=dec0Sj6db6DVTp46x%2BJCg8BmDLnm5qeeAb2lRxoK37GxAoPl0oAWGLN8BcI4pkhurv3PUNDX21yUlUzwiKkbKw3aEfo0yyEcviWyd7sSSUHPJy4a6%2F8T5sOZyJqARikGCIBriJ%2FdqlhHQYhegHdDBjTQgtPk2mLz%2BoujY4inc5B3jFCp9Dir01BnIbOMxeSCKQzEcZW9G4LNyap8%2ByaputFwkU3sQ5RkwK3yFdUFd6Y0gHMBZWq1MJmCt%2BmTL9XjyjQzIQtjWmClNNjg%2BzYjhKF0vaNNaQDdB7RoSmiR5w36CclbjU3FBocbkL3ldroNLY4gnIRG6lGxzSOpMgysGa4mVyJv%2BQJHENfZ3oFLQhhBrKho%2B9PX4BXhIW6p%2F4WZuMxTrB0gyGXFa7ntVgckeFXEtLhKDn3s072QthJMv%2BRum4QSPQ
21.,春晚官博回复檀健次春晚相关,晚会 253046,/l?e=78cdRmxiDrFKRkXe%2FNChD1ORpoDIpEc1IjU0GVJ%2F35oPadNfzKshKk9EnphwvSzxak0v3OKXwc9bMSSV%2BVyPBruDXgWZ6R26HrBjc3sOGkMDHPqDTzM9ouoT4hvaVvITwQzhvOzAU868gT%2Bl0xtJap2MK4jjIqf7nYsF8QJVXF0nqLxuQ24pKchKc8jQz73yXqHlhmeIVtlQwHLUS5FlPjeeSRncJnDYU4bHYZcLLd6eJavv3UgyfwIuGpyZ%2F0u6HPssyjQBcS2oI6KTyg3hV%2BxeVZPicTMqtcd1u89yhl4veZQBnRfs1YJmr2cmzfNftDE4Jos6EDrDfjSQc4P8VUbdMAbv65xdjk%2BsANslbXb8x4YNI5PIWHe3Bkm0fuhklNQos91D
22.,一降温就流感的体质怎么破,23.5万,/l?e=f3f2O0tYLln%2FqJz4XUP5yTSruiB%2BYYvZEjtKdwPJVQLfwmO%2BDUb69WIysrkAkeToIiTjrXEBvibQetSptjbz9zRFJ3NkRWHNUZd4FB3dFD1htYRUGDYHYGerXcJ3yFq2dOYJq2tuor0kcFkrmz%2F4V0qpKKUzlE1q%2B9PZMdY0IhZTln8TieJsaFwjhzjZi%2BJl6YuSr83Be1srYjdES7X%2BrT56NH2AnE617PAt09PE%2BKIZMmTQXe7vhGWOuT2cDNNlX9c4vf3jdnQQs3M63TC4bh80%2BMdrjQnSrw9r9zC79E42cUrnV25%2BXG5mN7mE2Yc%2BwvBE4rffvcw5x4h7DvbAvF3xM2hEvnlzIGkWLcsAM9p3bghGwBXr
23.,悬疑片的反转应该这么拍,23.3万,/l?e=34fa2D9LIL5BxiEf9tcWWdz1MR8os6qvCR8sXDl2XIBxBN62ZalMujpvrqgQOHCBg1uTQIXPnScptzb0A3IL74t4l3mjoU0h8YuJRcgJpWFOJfrrv6F9HQUp4NQ4MobqMcB34UW3CB%2FViwzgB0%2F4ComdhhBsMtbGrRAUi9H4vcvQulMJ8GOHc9XaCw5pt5ZJsPBrslHvBm771jDFW4EBfjDou%2FgQyQpRG6SJvbnnPhZEp%2BKWYfi6c6x2NXFp6Ssfm5a2IqT5u8WQp71upEQRc4NDRdHGi3QbiR29vUCVnFHrhGmXdA6mjwmRvfrmO6wC%2FK3St9LMdYbhwer42lIsFQz9DSCLlu9N
24.,王楠女儿落选国乒少年集训队,23.0万,/l?e=b990YdNKdCw6MYfjoUkXSdzhF5FSfYRsb3Q29n1wbB8%2FkkXX6xxhpyqpKoGCKGkWmm9uai9Qdstpc0uTbNlsxuABiBUAxok3cLvouUAE7e96dyS7RlgplpKBjb8oLA8cK6KnS2Rz6C3VlzAfHvZ2Fu2l6WhJlR84qDxKX24%2BkmwR9q2P65qJyQrLXK52UBa1BV%2Bzp9sYzbkMBxgp6TC%2BYNWs2%2FiI4hjDGYU%2FCtppyG%2FhcTKt%2BQJ%2BYENpgdYmbeFJ0bsY53NgHbMuZVzOiA9BbQQlGeBMEdF2UMZ03YGbUXQ2f2jgPTFjpvptN9aQ8hNE5p3fW%2FM1NGV8w6kfFp1Oi9vVasBgGYrDXuwZ%2Fo%2FaTvJ9T4TU1DMTC8M%2Fbvb4yn38d%2BuhDpOI
25.,王源头像P了个新帽子,22.2万,/l?e=b391HQ7S%2F6SI7CMywj5Zi%2Fk8aK1F9vq404N7fj2ZdLZ6dhxHj8Zdb3IiBgQr%2FOKpMbhtAKghhalW0L3sPPibP4gWLU3wdgqDAtL7Er0hxsfi2mVz4rcZYpLYBbqjs69Hc6jfxK3sbdrh2mCQy6qYTxEL04KYCzBvAWyv9yy2FPlPCBIyV1F4BZv9hE7W045VYhYRt2320zpVuRDM9EWEi3oSq3cbPr9mfMTK6xVW2o7RcZf%2FHQQMhTKRHfntNldN1fqDtuzw7CPN47KL04QXddZSjcrfWj4d9pBaTeZK8pd40JeNFDA4ApUMDQ
26.,丁禹兮看人深情是因为六百度近视,综艺 197393,/l?e=ee8f1JZR4REhkVmy9wuvdsxX9%2BER8uUz7knN3xDpq0K295ZDGvsPBvdjBtJ04Qk%2BLzlA%2BKy6rq8cJoRZil%2FC44im2uNixSCjKCkrKorC8YMHda8fUf8ptGJma9vep3x9zPCUi1e%2FlnwrNqB88uk8%2B63c5MJQl2cfMvEDX74BqtY7UEkW0z2FF96oltdeyz%2BveSPM0OZ6jqygL%2BQrHMjpjB2XMsdLQI%2BpQPOL2BkiZbhzQida8wn%2F2UG%2FxWwNEgTQP8EyiWrOQWNKM%2BCrcevJDVDOg3J0A2AnNqACwYA6IlcaIVP5a%2FHpzaX4gcvFJiPSXo8f%2BaFt%2B%2F%2BxJDhuFqPA0t3aYqCNWLPfUdOj20BKQ4utuLRhWNbWjHhs7gdG2DXUcqBncQ%2BPRMyhqjVvSA6FrUHinh1iZTvPFo4Pp%2FuefkAi6DcO
27.,年轻人买的水果半数是情感商品,18.7万,/l?e=26bbcD71Vcal4tHuW17OBXdgpoF7XACXZlmmZS0JT5882UfADjywLpq33AANrMgGPOYppHsPLJ9MHaREVC8G7hlP5ADMqV7ZlNlyy1%2FFwfp0y2JR20ajvQJ7fNT5CNgn9E99xlOb3tn16m0bRu7%2FBiEQDPWxh9boOut7GRhImFmjfyZ4ROwVF%2BK%2FGvTt6YWMqlfP7xW4NW7z82W4%2F4I2uypvHYin%2BGf2yMzb3clEx1Jv9Itcs7ybqkS9t35QYZoT5UoOqqShXnU2rv9JkIV8F%2Fum7tjyvfccLxpDQ9Gve7vrmZvhFxNdkCb0TsrAGAmy6MBT5EAHi3GGxNA0P813rvWzS64k4ueYT9NR%2FRM2gKNpt9wLMHgK0m2ZYyS15f3TFitgQmXPJE5oKQiQnH4ATlMnaN9b
28.,Baolan晒传奇杯四强队长合照,18.3万,/l?e=18edo%2Fuk0kfugMReWqPnS6uBnO8gMimONhv%2Fby2Zvlg7EYKC7N99UH3r1COnqSmQwfIpDuasvbGRMycbj3Gm9qnrM4L%2BTaLOKeD3sHy4KF9tRDxpbQ%2BIu7Z3q2zHch2gx%2FEAurRRIkAa9Tor18jI3%2Fe67tD5XahxS0weuzqllunOkALCGW5EybRDGG2v4Ci0hKSvycskaXGv59V1kgz0phadg1HqvufeER8yUttGBgjTm3KfUMlW5Alxlsi44Nrd%2FxYR%2BMXVvVYJhBY7HAobNn0ku1lGe1PbbZHLNAIXSLcaDwvFELYaZUcBWMw6f8hha08YN08Ql719IDfg9keW
29.,孙艺珍为2岁儿子庆生,18.3万,/l?e=79f8HXw3I1IGuz%2F%2Fre1bm1K5nWQmQI0bD7J2P%2Bk1bDi92MI5FrxWKFp1ejl2XrAcHiZmKKTn9XmKktescLzemuELZJzYSzn4nLZeqcInca1WQYHsHDc2ME0hNspHGUW036Py07cYkSlXRlivcqBa7yxv80BPmd%2FkTWe2CjxOQOPCqKHbZKoMJmuavHHVXSWB%2F9hbHfxWasN4csxpZNP5Aj4BoZajuwO4CQJ9mXwPGWXzOBRhigX7Ye%2B7tIUFWGDOSXn%2FV4%2FYJSkeAl0NU9bZHRcM%2B9cWlhUl%2FolB2wt0lFSim3ZeZ%2FvgoNn36w
30.,胖东来调改永辉超市25天改了啥,18.2万,/l?e=95eeFexHqtuXCQupN88uXkO6XE9LHfw5eiP3FGbMdKcSTTu1%2BMqo%2B6QqpRKFzmpLT9MJQpILsJlt28X8s5xkCsBQ9TPAoIJq29h5D%2BBHkHUN9zEUK1bmbicAZ6cObql2xNg3UG2n%2BYqQK9aAw1%2BGX3YecJ5NkwoTQZg4bVeFFHAlwjZXXM%2B1%2BKLv3aMyS%2BtPHvW9aa4Qfw973GCgMbxDjNfBMphcOfCglFMnESkTUAUwZnI0YRcd0QRmG03iBNh4j0qEgRbgP7nju96yp3tEF8sVsHBdHdn2GLrM9mfuaBQXn41K16Z%2Fha2cS3qMjrV4Cz2JFkoKXCjysNQhSqgU5BaH2zRlvKrCuyFj%2B0OF0%2FBiekped8%2FSJVaZYeRlvwB%2FmeTZqmFm%2F88
31.,官方公布冷藏车厢内8人窒息死亡详情,17.8万,/l?e=2944DkGEsWcFclpJbacZJpMgXacbk%2FJVIj3RthvOC0PY568oDS3mH8UaMO3keOrYC3QzOn3BlsJbolejfehCLL%2FsrVCkV03BekjTCTBwK6dgDH0eWaY3HTZi6kwK74bzLh7CRrB%2BWZyStPMDU7Ip4WJ4eAoT6SsS0P2e5tHJ4lvYyRqoorUJlM6h1%2BvHTkmAJyq0Jm1GTyqQ%2BohmKuF5gRPCzcszYR3vs3N2zaUK5UzlYLVJTwdCkccPbm7gA18OvOpqggtvS0gV5b9RZ1TqR0WkwML1Hzd01pU2RIVjoL7bsjqhd2THvowzX%2FEyw1f3CxM5TN4oCiwsO60VmPUAN2qabyHgDeAQ8fj9OeM1ItVRi0BtYDckcAU7y9M%2FZb9ZkXY0CbH%2BLONBJuW0wHROpulywbELRE4JO9sgg3v9VDhRJaFmSDJ1AWoRjS7ZtUa%2Fi5%2Fclw
32.,小鬼王琳凯风尚志十一月music刊封面,17.1万,/l?e=f8081aOQv4ht4kGr%2FBgPlDVqLxFvxQXf%2BFHDoDffu7qV7GkwvfPY34WETkC1FUwwqmUrHVM6KBpUynN4tMG2dB9IBjavIlHphXFsW%2FKpKjP%2FB18odH%2Frf%2Fp%2FWX1aBK%2BqrOc9D5fOERsyAFUTV5hBZ4AAStAnxRwJPNjrpkazEeMXXvJdpCtiEOBrqs0TZ%2BNRj197pjcq6kg08rO4LL%2Fq9znz5GIbiTyWhTpDny3Qq3T0AC%2FxNoHRox3%2FfvsWADDw8FkOtvaVPEa97Qw3koB8TLr0zs15vCLY%2BhsJL971B7Jd7NFTr7wLmvk%2FpRsa11HnL%2FumNiqh2MagATxMY2uYBYT3T3HWdGX0HbBlWeQiXK98gHh5OFkcZq0cxF7GMMufJ2VA8LcLJ2%2BoNjBDmreVdGnoqdZRspLeysQ
33.,儿媳控告公婆未经允许在客厅安监控,17.0万,/l?e=1b9doMXKIxziWnaGBFYUxdQj1cViJaQNUA%2Bq5e6decBWSJC4IrTXuEcMG%2BL3FCCYFvs9vj3h2mPMGvo49M7x4PDVKdrgoj%2B3dEpf9ZopRSYWxG%2Bo3mmwFvTtJfx1prpgWtRP3W14odjD86Qg1y5saY%2FTn11xmTnPAu9pDVdnx%2B8%2BadzVEOLduToySDLmF%2FmMVFkTj9Y08ify13L13fFQ9i3SgmbV1A0x8qxmfO1Cdx4HQU1vPQMWIHPVuTzjavzjzhoOOExBLQzEA9dVRAcnjseEnRz2f5bnjVuVxMflNf4TgI4pw7Jsyk0AmTL8alrZ0ICiqSf5mmJCr3ShI6oscqjyKJ1Q2aoIgOUS55b5Mnmoh%2FzeBnWRhIjkRlObQC5xamARqfJcvBmSrbnVko6o8laiJc1JOPUAOehYT58X5EmiVxfQkYy9I9lEeiVkLFbK7HdV
34.,中国游客在马尔代夫潜水遭鲨鱼咬头,17.0万,/l?e=a289mLEI%2FaRe8YuvTsucGx2gFDbW7I6Y5GUp8f1QQsJbTdrweMG8i6XY1OVuf0ZazI6hI%2BpegC08XSjVuXp9%2FCN%2Bw4LO3U0fwMflYj9jg5gIMhcNz%2B%2BrIrbKWk%2BBjVamwbqvFvQWsXEevGa60ydktcQ9xVDO8KRLGtYZdxTw6RDkFkkeLj1xPyPxZJKM8j2nguo2L4UQ49%2Bogkx0CuYR0XQj3qhJY5uiI8890udZfoHQUfgS1veD1i6IVU%2BIUb5h4sAe2BpIm04dPgy64aASzlYaFgntZwbFeqbl3MaOkNksy6Lnz0hWvoBz7pp4%2FZdZ3klt0ShpYky%2Fw%2BEo7ARUKXnE1%2F%2FgvWzy431SNU24NZs36V7qKHe4wNAC7WZnZfYWyLIAAuuNNGDmsTmOZaD6KJkN8hnRu5czkvPwIXSlBbDWbcxyu0%2F62Vv2LyQk0h%2BKMnUx
35.,珠海户籍居民可一周去一次澳门,17.0万,/l?e=deb5zzQrNWtqei2VqPD8nSjkH%2BsOYxC%2B5H%2B7C9urVXZNXAKa4YOcCYtKksxEi0%2B9dVkCxXa9xb7Gup3HXFzQ2QewzJeadUJYfhB%2BNnInaru5eEZFpwsgPWN6bXm7RxyMgaLiaheD26hc7bMqjZL9MgDIX28%2Brz78etV4KNkG%2Bpiknav1UxBH2zIkWg6ABIXiPFa5bfzZWbmFvNof9yXfskeMzm8%2BkVNdZZmG348L9IbC09rT3b88qYGtFgpBVq0kCR3CGFM2zyyk1jiuGmhCY%2FDiw17te2u3e8Lvf8CJnD6c73mfQHsBl5%2B2%2FDz1dvT%2FO5rWKzwDwnv6g3n%2BTrYiO5cl7mGGEYjU4Fs0pothb775ye%2FIihK%2F5gcgkH%2BUr5k895gO3HERYRxPIOWZlcr59xXB14XY
36.,金玟庭演唱玉氏夫人传OST,16.6万,/l?e=7f391vvm%2FtlMCPfXZeQb41AdYFOWWl3fhweChCra4v2MFm9djfxT7BJ8zRuIty7DbutQXshh2R5k3yp%2BE2O1trdEvJRt0b8MNLeoM8O%2FWdwPHVGVEati%2BqCMvq3K3h7IimmlhKlFgKrfnwuOi9yCfq0tfBPbNZrDBITmI1EnCl3cObQ9aVaE6OregnHvRMhya8hqu5qUk5uQsbWZSXgEtvAET2jdqRnTu6%2BvZuG7WclT2L3xfHygmisK1ckBs%2F%2FKr61q%2FHApRyGQA2MWu4hAFrrsn%2Fy%2FONXgtO0YWKnCZZJ5SsN37J%2FQJzHonadmHY3btI8SK6IRkpsDYjfX
37.,TES官宣Meiko离队,16.6万,/l?e=47afvOI2X%2F1WK8E%2FmSmr9TRQpYYTsp%2Bv%2BmyQV%2F6wIO6earhTlxUUBKb9PBAlUCIazNPM75y1t26jSFNXrEXyg6dJdD169h7VsZSTU1Jk%2FTBRotYWCrQZIh4HZ6vKbT76KpVxCYBMi5YbMLvUbTHVmM4brNsQo2bRaLht%2B34j3b8bCiZgZ%2BLWChrqgqW5zmpIepxJztI%2F1SPFIiVjUUFQeTr27BoejfI
38.,打游戏一直稳是什么体验,16.4万,/l?e=f2eeOuUubIrCIDcTNrWhxCHMQLDTVRwCPS7EfJfkInHT1YEpFezxPBZfstJxh8klq3K5bjaDC68fVxNrHFlqwwV38TQ5%2Foz%2BgUsc102Gdx1cYbhps0jpFpelj7Hvx5YMRcDrULEez54zdn3GNwDSy42Cws05%2BspRzgaIREIF5hJWOhCvlSo4Gd6T5H8VIgGFDwseY1rmNMBnxDMiuEtta2YpCCMHv2j0PGDM4%2FMyFuMvXLS97ZmiiwyxDMd20ujixswWSrYon9aKH4ZGYlrHb0lBM6K3ubuLT0%2BHxhBFYRnucOvRy1UPdP2wdaUpMwACAuwJBjPu954y5mkDTpMOSFQaBT7umowA
39.,奥斯卡宁荣荣 新还珠格格,剧集 164358,/l?e=2a7exPHeVNTVsFQsrMdBQ5%2F%2Fvd74AM6FhvAWkoYzddV7RRUu9TUvs5NaF0J5Z5wpmlx4bCsGhqaEByF%2BrDSABRXEUaMJQS4noB%2FtL2Sms%2FHnl7E0NcpJlaAC2RAgK%2B1uG3%2F60ZXr9EVl0DWnO35g1xP8qyoge9KTOlOH4%2FTzupQkToYe50Eg3D6K8bODRLkygEtD10lep6tkjsYSZJ28voPAap6BiJeQ7zRLJTJisnmGcuagRl%2Br3%2BMcerdUbm83vsh7sLZrnqNDBJRlIgPOUHAy0K%2B0bwxSyR8QVu%2BnjXwfN5NF7ZhurHPVXgL8TYRpX8uw%2BdKl08mODelNekVZbpXAMyCibVKgvqTb
40.,杨子黄圣依 人设,综艺 163969,/l?e=4aa8jKNU7kL4SEiF%2FHqLeYXHECbe3Yt0I09HM2SR1%2FNH3P0aRuY3tgquhaH3jnGg3YOiu1W52zQsyilU56Ko%2BKzCxTlttywczI67s85fI5YKC7T4OOgpxm7%2BJdkYeIdE1s%2BAq0F3qEGF0d0EsxudJjDgPf8W68B0TWJsZD3VTY4ijDForH79vUC%2FrPbnDyjZlZq2LAgcLdjmGb0CK0ePr1JsAUjNXKrp%2BYY3zQNuWYHGkRCAtZ%2FhdsQ70lYO3q6rqpcrlsizp%2FuPFhSVU3LR
41.,你家的筷子多久没换了,15.3万,/l?e=1171Z2QmUoBRgOmGbQnZNt6rWIWqcvDFuKi4UlDrRdBdxgA45YyXXXZNx04qVGAaTAZgJ2HXZu7n4PgVqid%2BoAF%2F1UM6Nds8fH22dCczh9Hop3nT8MRKxn26NQ%2FPpA%2FCjaWk6uKZMz2jJSLnwaVxUdisgjVLYJ051VD7WlQjFcoK5kQW6xpeRTI2%2FPQBqy55cfGarY2UpEhK%2F4WBjqbX9ehX0q%2Fngwwdqnvj2rxwtkRsbrD0xhYOUecqD70sCPRFcZqoR%2F%2BlgU8Kgw5wK6r72csSs5tjbg5lLXB9gmWCu0mcfo70pMWGOXIR%2BQM3shqxCZ2finMX2kgz
42.,林一霸王茶姬活动,14.6万,/l?e=56d0e914EdUC0xxBY9cIPQVIAao8MGU0ZUR2cNlkcLM2D8ApEMfoZcfVCfvziCAE89Wtx2VDj2wVKvhOCx75A9l3rbCWS0NmDApPrZvBtO5xxy9HB%2FG804pRNFtrhdKiB6JSQ2STHo4V1e8hcrxBuUJT8apvuWkTede3zXNoeSzRw9MsCBDNRW5NBu78eJImb%2BHeFiOP%2FBd%2Bvs0x4moIA2AEOD6D4iAP04WZ0DrTfQWNNynMcbBmPavgke8UHl4iw89VDR5STkA5z3goEim9Pg9zCKtsMqxwx%2FYe
43.,老人吃腌萝卜后中毒整个人紫了,14.3万,/l?e=e2dbKhDU%2BYjE1YBuheAhMVD%2BNhHhVQJ1%2FuCE8uIac0IyBQ49wgtXQktEWfkqoIoU%2BqVbjYpqobO4j%2FHx1VzbPEAxLBWpH%2FKo2IQtIwCtXN26JenpctsknhETNv05OqvAFkn1LGMA6sxKd7s55HkpDtp2FgyNhtG8PR0TyeVDyIEJ4QUXSeggMa81nC1qwt6rRxF0HGIyEYeimy508ETWKhHLcvRmYEFlp5nwcFIU7%2FzgrnulTDubLjtGMbcXwNqZLgApj8s0XKXFNlCf8BbfIKKOQjsu%2B6Qb3H%2Faz5RjjmNiquYikqckv5Uuiv8Dikb16E3T8Jdo0nSTIyNh8QKfEspgMn6HxOjntVnGiJIuQ%2BfFaQT1Oo5kVTPFZ73CXbGXs%2FzCbijbhJAplcp7MrY4n%2BloYMbd
44.,唐嫣灰紫发色,音乐 128119,/l?e=7ae1d7xWgpE7T0HEVFalKjEa1Z2qsGUhVva1zG%2FQ4msuMSW9c6Njjd2F7vQI23ynlHAewg3l8oY%2FoIyty%2FTImcVImkkJ5j47dlBsjSAbQeEj41D45RemKdfjqPcv%2BuC2xZNQNVAysEHHUeif1BAS8G%2FDuBhBYpF3ej0n0J7LFW6HllIvZTxn%2BYg9RGAVSfZ4EZjxHrKSYiNg%2F2aeUXnFSWjVhFJAfMLf5WQm79nPF1r%2BJLAF7qlHfIDXn6YW
45.,欢迎进入中女造饼时代,12.6万,/l?e=44d6b0nvzvY9ew86U%2BgkeUDzLvHOGbixzp9bPVuOZ14wSfvSwpKaheBbIMpY9SpIFUuTQXNdLsamoYoyuZ8Jr5gXwL4hSzEfFry0CdBnaqedLPHGu5KPHk1%2Fi%2BMQ5ajg1T1iQCA5jsJz9ItkrPijwDNlYfka60lOSYGOssJIDndC5s0%2B0XovUdX2KrWiSF9oeTswXuqQBqHLxul5ZOQtUD1GXDTCxITffInPgzBUKlcw5rkD6jbM%2F0iPWthoezT5fDEHwbutq01m%2FYGd%2Bgk1aRKKjcbJCKrMXDe6MWf2NXduIY7m8NFs3273WcrUEsw2BJByfhcBHdXo
46.,侯明昊无处安放的手,12.6万,/l?e=2e942HPilZpe2vhJ3B7PCg7bMoHkeuVd6o1bXVo8wohCjS%2BX4swD8y6VCPczsMcwIkLxvJQcRpiqyN6RiVw3NaJqlr0heYe4mi0M8LuSF6O4VAjdyVAL3f3HnKoQ7uxchWknDPTsndclgDrnRO4q3eRDb994W6aKYllPpWMO%2BTKIDN3hoVbJUpjPRx35ep7ISV7f2BKoZqAkATi4SuLsNef7vq%2FloMMKUr5uRma5tFVHt0M6XZNtXcokZBLuOTNOGjAPLvRWj83RGEa6vwlPdUfkv640ZW4hpSprDwees%2Ffx8TdvFpAYzXAT
47.,陈少熙预言家,12.5万,/l?e=9d9e9EIM6S1epQE%2FLSq1HmsDgTrGAzg7RROIMdGbRx92hawnDBHVCfY%2B24K0AsDTA3oWgFO9Y6fVszBcyCfGLefdnyhCWQrpv2IylTzj416YB%2FPxT253LyxDudAt3zIt06nL4kM4iTQ2V1Q4%2F470XvNBk6I2RAFzPejii%2Btzd1miNApdUxf2DavXbG0YA0PZtqCfo7s7Ji1%2BFtA0sUUILVrHz%2B%2FrBHq7POEk5AArFQhwVZpdfWF18%2BjAbpvk
48.,外籍男子人体藏毒123粒被海关查获,12.4万,/l?e=97dfjIFi%2BEAXiRABFmjnqMSF8AfyPdSG4JYC7mrBupTvVr1d12DrOeYcCIPcNg3Y1CXFbhVM6sWEc4x0ZiZFwUV7hFZpRiVcHPN7RgrYoOJMmck78rVZYNKfle0%2F4Ca00yq6uPg5mnUpsgXWQBEHvR4VbTLDMzNL04WtdHGl5V1hRh4DB1Wl73PQPSYSY%2F3BG9K49Cuc7JtvSxMoZq41FGSad29ISKLhur53BgFZ3k%2BFPINqTuEqMzb5LVBW44Wbvq8hBABLWen5FvuqR2lYu0tHDlDeA%2FGvDwdCNoDv%2Fmcj7xgpV24S6X9GMaPpvnQmD9CioE6JbEexf0ksvyR9JlsnzXqymGKyiuDGp4ePrebhRW%2F6bZk1vbcTGS1uVp6KvwaFWpymiwzlFWcfXgSViBcTA3mqbMFM
49.,南宁一家长称15岁女儿孕期被砍伤,12.0万,/l?e=93157%2BkfhWTcuwar5H1bSViNsPnP4zfgCaQwigOs3lzFyicVBm5HHVYCjGDmwr7yi9eTFVsKgC3RWULUGGPozeIi8Dk0UF4s%2F5W3KswjNtxlxlCp6dlKpwQkd9CCs3cuHqxm95U%2F2nZl4GhvB27CpBO%2FJfk7GmXN6llZ3%2FpBLE4GI%2F8GoKDb6RCZOa4I7wmAcaVEvJgyVX9QqJogHG1GyreQHV46KXyB8o84DhSvoCQkNDULzYwbC863F06SaCNcevpXVdeKVmQhriRlLt3tvIZvXy%2FcfJvoXMWuDIQI5vyvjCZ43wqSnG65C6UgYputD5w%2BQIsJ1C83IWOXvtFzgVMemjXvQOjAbmy4GC8Q8YVSfZMoNDKxJTxMUIxY%2FePSyCVyfZboSwH3ZLrIbtWKhIIh7NgsCxc
50.,派出所回应山东一金店被抢,11.4万,/l?e=e026pcvTu7B%2F3L%2F75qLW5pWiKXQjiR%2F1dKThaAG435sQEgr%2F852A1Pwqopdp3IfFblCwmDzxzyd0yTIRuXomLYKzYYBZ0Be38%2FuwenzxeX3cRyUThkCpv99yiCyS5g8IxadJZxg24Q2FKjwcTx5AG5TB07PG6Z2gsWHhnbCNHOdzpJ%2FAQpQ%2Bp%2F4aLOiBO8AZdTa0X7tDXiTppQ9NnWvgPCqFFXpxv9SF93qXxZEDpwKqN68TJS3r1NvfirGRbEnbo9CD9hRphz2Bb7JOGLXtuHMwFlLYePvDaeMWGbnWbgtIfPZRoH%2FEwAxadkv7Tb%2Fhzp%2F0F1enyY5MT90Uym%2BfLt73k%2FC18SP96No3xFJSbj57DrikexGS
51.,筷子用不好可能会成为伤胃刺客,11.4万,/l?e=17f7lLKNtLiHKT7bN8FDPm006Z4YTX6hlqoT%2Fliq%2Bg6zM%2BBLURC4mSrUhVSCX5TUT9At6mDr95BZPx5wQbgEFWdwyvhh%2Bi8fhqNAu8M6%2Bkdekpm7XW8YDuKrnyX0pm20FjtgHwYDYOUECY38GRjr2%2BoVkeHso%2FI866iIwVuj0fGTojDhH%2FBI0uVy2rPtxwzUUX8Cs%2FHIoLIfZJTr%2FeES3ZSzflQrD9nLuY%2Bnpk%2Fr%2Bz%2FJ48Dy%2BLUzImqSQ0pt%2FkF%2FFNWmimWRynP3l6FJqfrFa82r%2FcdTXFuDJQYH%2BS4Azsel6iyhzs5TejANkkdWb49LOuvNKmDciE155pFlg9hxJEFh3FMWklEJV52kTqYPc0xmKD1gf3QliZ01JXb49WXcENCfix%2Bu3rMzVLLOn4jFkPJ%2Fr9cu
52.,侵华日军日记描述南京尸体如山,11.0万,/l?e=904cCaJVp5GxBGDYCU9BNoYR0sI2FS3nQDH2w%2F%2BH3%2FgkMopEYj2HNq5Oha85rtmEzNVTR%2FApAs30q4KgOEcRzFQGqaftov%2BgdyuTXYDh7h3VDuVYdDVC4y0q03il1XrFACF%2BwKNmm5lGrnPJflhE3%2FJLlDMlOH2eW5dwHob29c6%2B4AK8pLnVwh7PyUEZRb6kEu%2F6%2B5xg0AcPXDXDrgSpltGvgVAc5nDOL74%2Fyi8lJeYbU78w%2BclnShamm%2F4Oxa3ZKOAJMiRl1PLwPlDXHmDsCVu2aKZ84wi0xIdttr0%2FdakX%2F%2BdseT3GUPfvUeA%2B2XeKXufhXA%2BtjnwGxhWpdew%2BBwEP1fFqndMlNu2niKvVPQNI3zkDRewjUcRakJNq6yIQVi3%2F6NUYngVKhYidnaKnup6RgmCe
53.,老师向家长借60多万买房还钱困难,10.6万,/l?e=2c052P5CKF4OfbqSIWPYctKBmnrCK7KuXnSkLSkv41SvQb5UOApIYrHMUAOqMUFy7KZB7wlJG%2FT7KEA7NE1CnLPzGbNfvstFUkfpY5H1Iamxv8wv7LrexqePXf%2B2cirFucfWR9hZr5VG6HfbLg0F1emPk413N2V2hYVlA3TjPI7Df4JF5ljCZiXIiFtTNx16ypTFGFFUMvZBovtmnK9oLbMIxSXW3tMuPZENEBloTa9zTfPsLsijJJsD1lRud6Nnd7cWeRyCBVCVI4usHee48iB4PQUYzOtxHxY9TxLiPn8VHj1%2BwrfL6E20Iqo0buqBvZG5ZqsYPEumdqmgyp45f0i4TBCxsNzVcnbUxVBdicWyrzjCadib7ZRYQpnKilR1lyDmjls7AFdoLx%2FA81KpqFx7BUCo4mo
2024-11-29,扎根中国大地赓续中华文脉厚植学术根基,,/l?e=e7b0Ktd94c2qeWn8%2FayiWqGtfBrDYYKSUDWK37%2FXmJ6Jvn8II6w9GeyKNP93N1sB6VAFDlVsoqot0URKpRHkykXDJgSCl3AgUs6Q%2F8zivMoTcQPIYDuQU6arB8xu2LeS51HJCA3ymrDzAIKV2ro%2F1jJnmY%2FnF0tlYbVJ%2Foeb5kfo4nsAlfeLngNUQwlARuQAokL6I7Og2tfWIARUBQOon6U%2FcJErP6%2B4eUJU%2Bvj%2F%2Bprl%2BYUjwkhQ4yVLj%2FPMweuQHescpNBrNhOo%2BxY5OAj5sEg5UiGWh%2FNNmJU6%2FnpmFzTpZu6rSz%2BomkSeddc2NpdnQzjjMMHODksnO4TteMarxY9uW%2Brbv4ZTdLr6kuNUlaj5zs5qzN%2BuvWQx5FOYzn4t8jTvCcNwSmxY7bjBTa4idb9gR%2BebxBTvM8%2FMAj6YosEqPeZ9UjR9%2FA%2FCWwpfaqu6Qy3OZBMkMUdrQEWvopUZylU43mTYhtVWxzEUqlFxAc8X
2024-11-29,猎捕野猪为什么这么难,42.3万阅读 | @新京报,/l?e=23adKlZnG490UPwNq3PC6H8V4No5qQvKBYGvUALwWg4HmsSeYwuRbUjOnvtWkm31zHF38VRwCc0mYwEcdsiwbXTX%2FOW%2B%2BopDt7WJsRkveaOx2%2B15fsGFzqk%2F6YQ6ARseQTmWlO93se5DXxLyyg%2Bsd6G3%2FOgZTNj%2BU8Or1KDm4Ou7kjgWtXN6skVEURTTraFefBDWFdv%2F46SPW82GD1P9slRcQ5UIlSvaGMaNkr%2FVXgkwpHCKt02QGNACo9k1hi80lRa3MQeVOiPWowbqHaECVOUG0xaojO8nMMZQeaaOecPO3yRyxpiyqolU8boMwD5qMHdM%2FxUoSia1
2024-11-29,人民网评白夜破晓,32.4万,/l?e=62fd%2BU5Je9j5CAD%2FaesTNPK1iVoQfQ1cmMwlzshinFB3%2BT8LbASpEfGGSsFFEu8rhbDVYHeGSWJ7ksJx5arWJKrRPRVRdqzu8l6HzZJfA5qNHQ2gDyDmiXh3GRcYmv35CajrFy3xr9lOQf2Aso7blFee0wGyA%2Fi%2FjfFhZuUV2I5V2Iyvjf3f0798yLOaGGgXTNlNKiUGCcL4JDXmJLLmeetcsIJp4ZYwVR9SLBarp62A0ZLsvqPImVh7lO8xJO%2BB%2BODOg0KylLQwX%2FwotOXLhFPS2d%2F1ojm%2Fk%2FPN
2024-11-29,春晚官博回复檀健次春晚相关,晚会 253046,/l?e=d53fqPWKx7nJ7BYQ8l7hpWqsdtPsoIAvIf3ZO6dYCuGmOMes%2F2q2rXke2Nedek8OJhG2tFsRYkFXKlYWl8dKMk7HYJE5mvqis0gb%2Fj1H6jcrX8AcJBT18v%2FdM7rPSDUgOCfTRtwjjL%2BobrvoktnHdL3f2%2FRMIo7ZWRxCgSpyNiTp%2FtFlEUqwj%2FoY1anyIC%2BG5O5dYCveyHE8%2FL6Ga95RkWLki55uwHJ%2FUGK8KzvBgTZoAsaIKuo68duI7ibkYFenT7d4gSKhVyM7thcmqhfyB5FDtbOzi75z7ISaSnrJZ1HKcaaR4W%2BGYcKOumt1cz%2B9DXoFhYpQHFnO%2FauPYk6Mcy37GxM%2BSlMK33R581uTv1RBoRIWq4lnFxCrTp%2BbamESd0S0q0EU
2024-11-29,悬疑片的反转应该这么拍,23.3万,/l?e=82fb3mFzfZRU7cXctswt6B%2FS4h1522RPEN815%2FbaSWQ13iYvTQ1WRGX9pnZrGNeXkHbgDFlIsQGMbChgLUYAgfmqM1YTq%2BPNoFP9O5UElA%2F%2B%2BKigLhIR0TfmVUrQQeW9wyT5FXuzTCrrThVxKhXG5URxzOVszI9YjP7n%2FJb4w%2BBEbvH3nXSu0M8mOMS6Ouio0%2F1f1txbxKa7ZQ41mua1MAhB033my8ztRBzka%2F4as%2FeIoOGRQbi41QkhUOHc45EKjQlUlfjiRdfu0JsMTP%2BXKjbAyITaOL3IaaTAeSxlXfy4YPYtwv19aUQ11ofltnyKymSKN0G%2FdBfzknyvhMVjQcw4ClsXxVLy
2024-11-29,Baolan晒传奇杯四强队长合照,18.3万,/l?e=d588PfiYMPwdh5WdkEY9w%2FfJGhx4p8vb8iENUv59h2q4tW%2F9XmfCWt%2FvqgHepsbDj1VmpRXMF23hoL0%2BsBPpTNmJv3721iZJehsUwLVN%2Bf21wm1ymPA4QitNTePnk8Pzf%2FJy5qztQ3ck4OEAibXBJm8wIQegd4yGXEE4eTjhLdXpSma7%2BLqFAYJxxFPC%2FCuhWmrPWh29lvBStp0qmUVsiuZW3j2aneLrhR%2FW6zPek769sKZaL%2BCUWD7viQWw%2BGyPC6bNkN3wbq03VHyPyz4CxiNd1Jrh2Ht6MdNZdRiLoPftaUjjEvuWjGwFES8578hp3QxDwV1VbOwyhmyKBXvS
2024-11-29,小鬼王琳凯风尚志十一月music刊封面,17.1万,/l?e=85a1W%2FubLKATb3hYJYg3Mx6z5%2BOK4dO6PmnULr4D%2BXv9QntFAbcx%2Bfzel2XVLL6AIhu2fSIr6bsxOzV03%2FFn%2BZ7cOUe2U1nmnE9TsMlJhvyktdhSZL374l%2BEzh2RqwojpJvG889nGLAcfXA%2B%2BMt%2FrWTlwRyPubUuduf2nrY%2F%2F%2FA%2FrgI3MZ9BIDmIA3g7aZqfFpFwxW%2FKuxs8EmG8BsqKyGOStkl699cZ2MXuvL8%2BVGhUM443k%2F84FG4u99ZkArdD4Rs6cyaXRxxzc1L7CJvAbmyXM4s5I4ph4VXbryKkWOHkO8OfwHLSfJsT0IGNd9nPFc6G9QK%2BsZF4lbki1lYsav83hne6cNvNmbkPt85npWRi1cf7yFfycd8904ueuoa0xQ%2B%2BlY73Z%2FzFRNgPD5u7mCSrFd3i3jp8Y3A
2024-11-29,金玟庭演唱玉氏夫人传OST,16.6万,/l?e=a019T5XANrPmEbWc4tS4Pea%2FBeKzpVV9Y8u1MESHUkr2bfM7ysyEtuTDXH4MyKK9uWx%2FlifG%2FEx9j5Qat3gxTuqbX%2FevQFBov0Fva%2BA7lMDZewI%2BCNzGCi3Tl3KEYsVqH%2BJKckofvxuK2dkm4rR0eUVwX2dlJrRcR4dTSkoAhlZf1xjRPAFddTj%2B%2Foy15SW9KtGElxW8CKuDM%2FAWXKsyZphDnj9OJkgyKyJwSBMihA28LlrJKRbqK5NYWMzn0KfLrIseCxYxGeDGCdTAJalH2TLk2RJFw28OzNDFfARgEb07Ckc56wTIZ8fC0kfVytA9%2BkQehjHuxw6vDnwS
2024-11-29,打游戏一直稳是什么体验,16.4万,/l?e=59acGB7iqWD%2FoPwNyeD%2B9GNle7PpIfCFiP22Rf6NSZPthHl27G2LcjCYiHgRC2qbqIdrXsZnZ0LptwHt4LYaG1I2TNxV5Yi7VBSZJ%2FzrtT1JmyxTKh0vg9GyVTW6AYBUB0AoSDjdIjfTiEZlnTYVPjZd2fdXpgko3Rzodw2W3Ba6aD4HfEJrfrJY8EVJACpl4c%2FW0eR8S%2B7DJFlLzOkmalrYcaxyEyBCRHrYnRttcLU%2BLKz6zaG%2BdvbvxjCMidJ4sIQsMqWUfc6b8FLaDfuniMXxZAwfDABTwrMj4acmm0YVIFhF7gsVp1S2KbptoKy%2BCsgawWoTq%2BEqGPU4X7lk3V4cK23wnrAG
2024-11-29,儿媳控告公婆未经允许在客厅安监控,81.5万阅读 | @大参考,/l?e=3ea5tW27lxSL5nzNcYNMrm8DD7gVyl8GixTLL0JlmDcN2dH%2BrZfIEuu0N4CbLB3LLhMoeX2MRbkrzZkeZAYafjd7HSP02DwyrdliW9xP6RHSByDEY03PDBlSqHRNe%2BsNZ9gXPqQj4WqSo%2F8pZATQBWCmkmcn4Psms9koordGlBxjhGK%2FOTUipowNs5RH1%2B2uxu2fotPMk9oi4aI91PY8gDqDns91jw%2FKY%2FpyJRhzKykVB0k882o05QnXnrJh2V4SRR0pFtfMJ7Qc%2Bkm4qqlxXTyArKNQ6vo1BltKnjVF56abVyEg3uQdXs0zavQAO65Fxw3qOqMMkzTGxH2VdlrGRq3ZungXYPK41ZWPnism%2BnYUoHOSmd2WXngBTkMWKtZpaLm%2BIiOCw8gG0gSN06xKC8%2BMdNW%2FqaLJ1dzJmBJ9Hv%2BtJq8OMpnZ8bbEd4gibda%2B%2BGfp
2024-11-29,蛇年春晚标识有什么寓意,综艺 334408,/l?e=bad3hsRSop8Ik9k3bJcKGynCTBgb5padHxG6auXHGiC64MxHK1zSTQA4FQC07ECID%2Br%2FY%2FV3FQOm3iX%2F5kLmcwXAegsd6Y7xboMVv%2Fj86%2BuVsbBtV%2B%2B7MBSqEME6plpevTpFggaIqRhgzhYo3PPUJ6Ji%2FJZo90rvFiCP2%2BnNtlVrjy2kKHdWWN0Qc%2FdNKqJBgbMhQN34dB4Evx%2F1lQLi%2FiOWpCRwATwmix2VIrJHW8v%2BXUKdOHLLYVWXCcqOyc%2FCP21MlbvyVX83v2IkOCYMFP%2BLFBCl5xcqT5IzXKOU9NheiDWhJEWBdn4MnmMm4LvNYPRdNTABAq77sId46cRvdnpK5uJ1fn7a
2024-11-29,贺峻霖求旅行攻略,综艺 207666,/l?e=e321%2BlfdqiVkrYyvYor6o8%2BnxTkNNQkV54GQ6oF3Wk2R%2FiYOvm%2FZzxrFPDusDR39C%2BTVtvjHZMS3cRrDLyZwjnVl%2F%2BKx7AeCJhXdnijgAXVWKAe0OnHH418CdqX1cMqCb7xcbdceB0D78SraBS6hpaQd90j%2F%2F4SIpJDL84huD2WcM8OdFWY6qmSnNWbyrRMLDGRsEo7Kfrgi5CuuhOXmxj5w7DpjTAn%2F%2FaSNYwbIsXo%2BXMaN2Be9cZkt0uASKM31xNL%2BYAblaaXOgKAHMbSQagLuocQqEVc0bWNC
2024-11-29,一降温就流感的体质怎么破,23.5万,/l?e=30d9RoG%2BxTbd065KMp4rc7E6p3UJDpVv8GCeIG8b1KNwQ3a1Gwpum1s8OpFhV6L5Uex5bka%2FqdO0P%2F48ftrKZmDZDum4o0aM02Y9lt2%2FVSRmIA1siDFA%2BCsgWWgYhJY5xeqW52KymTZ09aM9bWXGrH2NUFeFQ%2BYLGuhY3IX6mz8k4hZ%2FBpErhQP9ebjMeHrdmirwVmMb%2FQCHLJrqWWU7nUh48DmCLAf0wq%2FI07JB3VbJfCVzDjXwBr9Mi8R1sp8L3Drr9v%2FLQB0CLxR6bug2Qcplt3StJL2TB34FWJIMYXjjQ683hs3kzk1g4da4vuDdW9NhxebrbanLQ4hwMQeWKIvuZ0U2D2LneHLYDeSQbl0m2ZnZt8HF
2024-11-29,黑西装是杨洋的统治区,13.8万,/l?e=4eb6U1D%2FG8AOEYsPNIha4TvQLwLQcV0LvegFWcGl37ML6I3jMR%2BT5282EvXcH9hqSjh2dlhI%2Fkqi%2FXrTAqyc3eiYhiuhsA29cAgf2GRDcf5tcTd%2Fjp6YOj1DpPakULth5bJcIufUGXHnxUq4pUafSQb%2Fc6FCDSUPrAWJw%2FvKTZ7oGNj10JqJG6TCSL1q3EuLJIK6YSlGosbO9TAwKpnCqGNdd1qmeQMBWfEc8cvsCWCWbbLBpb7bU%2BdYaZwhI%2BGIMdGTW6kaZNj1oBtdg4um6fqD2P1y0QAEqKeEpjy9lqj362yh1ARQzX%2FuNRC6JZk%2FUKZB5qUwvbJK
2024-11-29,郑思维拥有7个世界冠军头衔,13.7万,/l?e=1204Npif24ohoHUV%2F3qYPPD6X43zG9gbhGRmtDXRvgUUCTNL57t6BE6tGMaMvQHHpmCN1L6gGBQbvH56%2FSAL3r%2Fbk3D0lYIX2lBqps0njL0PnWnRkac9qA4YxYwXKVljuRAPh6HWuRmhnt9DKmmiFDXv6QhfazQVHf%2B1C9huaP%2BeXHfzH7H6IqqpwKmirrjEPywQPvVKhfXtXFuyB3W%2BuvcVaBjxYNHuLVa8CsW1rRLnBEH%2B%2F5EPS5fNLee9vzTI4P1xhyEGcd39yyTOUk%2FyL3Yj9kbDSaZITKeUC3RAFkG0vVolH8PKPJ9MhAu8XA9pIR2urNMP4jbajJrha4bGT2VjIGthVMRJ3%2BLrEOEawHSRMDGtZdYVXg
2024-11-29,中俄第9次联合空中战略巡航,12.2万,/l?e=6b13mD2xdCm67jNVd%2FGRWpR02RVBu7Z7BDiOSDuqPyiG0l4JDzfz6WJzpG%2FF5ekRFN9FMAssq2BOUgDvtIaRs8digCuFLNk3E%2B6TTiXQ2JzrpLa9b13%2B8KC9DN%2F3Qwp3R8%2BCkm0FxOGMS9BlGYTmrOFmNEUvhpG73MSWAcnpgRn2NIOoT6Q8lSapdzblc99k5bDfGBN8azC%2BX%2BqOPXYx%2FXyqLnMYTAkQLDaiNcezdGtXtNdmMcyeZD72jbsCRsBGT6MmExDKy%2F4FVzDE6G4aYW1we2gnNZ7LhFd8EcWRrJUS4yMMzsFD6AGaHbjrMkgvIoG%2FzU5RgH5Z%2FA5QDDeIGSsmyOSBbdQ0r7Bv5eoLSpAvf0S3NA0tuw
2024-11-29,王勉 现在是个综艺咖,综艺 111890,/l?e=2e03IaZdD7ncZpp69qskXW%2Bzlb6GRQK%2FHsMUkqu0eyUrtrva1NMPmCdLz%2F6DUw6yjVTOBXWE4VwZUqwDdz4vuHpjhcEwjg8lZfalWkpSccwT2suu1K60Ffc2p0ROsx7VR0CL%2F1T%2FMAe%2BdsO0hDl%2FYj2XOeX03%2Bg%2FJU%2BfrZP4eFXzmW5hJRCnnyTjVW9n%2FzWc6agyFbO5%2B6DacBDBKHBz0z6tAEqubQUZYS1xOU2%2BFt2DcEhWCtsgt2lxfMKHpAPCFeTjbYU7dp%2B%2BeUmDAGPjEkYERWmIIQLUfvobjmGUnueCZQN0hx%2BMBo8U%2B5U%2F
2024-11-29,官方公布冷藏车厢内8人窒息死亡详情,157.1万阅读 | @新闻晨报,/l?e=5eca%2BCbHlJF9lXLL9xC%2FSe1kSY2fQKNrSh14sIQJQkan%2Fq3ZhLiISkA5pRFGrsmdkSOXPWwrHiwcsr7P3H%2FLWEPh86b%2BGiivrOSQVGhud58GdkMSqT1xDHZJ2fQ8WI4MzP0aSR6vYNtdvFKBjkJO2XZHN%2Bf7MTo60CNMn4ueZ9lsP41LSGwIoRT7LJwObdrS7facOYoBAmvmjZeLKZ9qm1ja4p33O4ETwJyxfc1LDqjTAZRXfGuYapuy%2B9WvKCpxu2lWp%2FL2YjjmnWZmyJ00vMMjFWHVxhXirDGmgHtQXMNQlEsWS8uvp74fCJdno5ySQjCJdZhwDI%2F3rh5T1pCjfpUqbUSphG0HBb7wXxRf%2Fb65DgDar0p6zU%2Bl%2FwJKlCloLuDBxBbMOrFOG5XLOGPsOkuGiS2exuILOltLoFPeu4UQvxndSZ7Q5SiZ%2FvMVgZlidrXtsQ
2024-11-29,欢迎进入中女造饼时代,12.6万,/l?e=c3222%2F5FYKw59zst19cJNp7WW8sx3Wyh6KBSMxS%2FW9kipw%2BYK1qqV9kJRcuqkCh7cq4HQzuhGju%2BrnsY0R4zrYulrZspxJo%2FkGdDmzJc6ntcPTpWoiqi1RmxB67naZWMNbNS%2BXsEPvg2eTcV1FGA29WzN4v3uD58lhQWhkE%2FUnVJNeoTU9bGczW7f9xeB4cAuslqFpuBLmVpLt0TQzIuybr%2FCEcGkRszsMTV7S0O6Om%2BdTOQZGDxGb5x2YGkT7LHAYB%2BDtavAUfOXqORYGLeiwm12MeFQC8fyh9sRqpO5zfyAM1zjGCQsXzQDZNf9BbtF5c1i8JVxEGJ
2024-11-29,中国游客在马尔代夫潜水遭鲨鱼咬头,17.0万,/l?e=8e08woDSMw5k2eBLNcIh0QZcS7V1fC4knWl6o%2F5JY1atT9ccM1Fv3iUGQRUXXauBSlwnT14IB3ju2V64RTUD8mnmpK%2BMero0p9wX3rWs95XqBveII%2FF0v%2Fnvx0AAC9Riq7q9xwP%2FZFEE%2BcIGt6WKItS8YXsEOVlj8oL5Avap6X2qn2PIQMVnzRANoalgZjMEfyk2yVsYH3mMgUMs7X%2FJ2R6YWLrHI%2B3jgp1EAesj8xaqiCykcu1LA5Q3KOf1FHcapJ92bueFmIhBn0ArzGdKUeFJ%2FjFlK%2BjNb8wgDb8Yp0PuXf6ZA0ejzVeMEBLSjWY3rv5oblCJSntKxI1iqO3ySxTWsSPai%2BQCujlEK2Bt3VJf8RneYwMGjDFccr18mYcOoCTk581hiWP4kt6BAvfCJ%2F63IY0a9zl4%2BhuaxI1o6%2Fh2VAnCe4omf0keGs7Bd7mnSaMk
2024-11-29,侵华日军日记描述南京尸体如山,257.4万阅读 | @央视新闻,/l?e=2b18Evo9xWk2E83HYEmfcWk5Zt6I6ObEd%2FPbhyAHVzLOQvUtBvN1hxTCPRygU7nyx%2BGlMeuKjn4amyU7Kj7yal7qqRAa5hF5z5vJF%2FOlMdFTHa0KZmcbLPIx2Wuq6l4LRH7SMEi6Fh6VUtSJUMsKPSm5SzFv0avx95BfjELPvaxVHn6uP6HMCbGlSVKAuHrebio6VoFfloo6ge%2BIN5t1YVAqET2LZ2GU%2FVi0ps1jTwhADarf1zMPhJhXfaX%2B1NNCeWTrJxEfTaVXmLvbM9y2GWcHwA2P2Qo5rjVNe9gXKDZ2sZf1rb1mdLXMOH4Q4uUgTFkLHO1pFI5grLChkRmPbzGEsJgdtSqdfIxrYAfqDaGnpMYs6aSxq%2FScU9Wk%2BQq9MEF7dbcpsWr7FdxP%2FBXbzzymMcPF
2024-11-29,古巨基钻石败犬live首秀,演出 134988,/l?e=e39apKthVtoiQdwyRd4rvMVwFqTF2BPvOoGnN%2F6g1CV1XHXup4XJpSzoLZartx4cbwzywq1o6xBfDXX46%2FBtUONwh1nhYqNegqlzyC%2Fk7CD8ntI%2BFtrA8Yu3TsQeVpFdBKq5%2FpDNTfbbSr5Bieq24AApHr36mYh2w%2FQjXDhrcb9XJBDuQw%2B6hF7zSOGbvDzZtPi9BqkBHthXegCR%2B9iZJmsQ1XDFCXWZ5QZ2KnMBDKT5VPuXlNXVMG8%2BQnzNuKqrdJ%2BhC2y%2F3ja%2FBY6SMcaJrae7ZM9P56VWXbfTWg0lb4sFnW30GuG75qkURGdyng
2024-11-29,巴黎世家售出8天后要顾客补1147元,33.7万,/l?e=327aPARnE42gY%2FraqvoiQM2BeN00%2FbO7HyQS3SL254XBiZn3yK9W9p4pqm2mtcl5v5i5%2BrH4eHRzJRJMUvxBW4kgu0poTDuihLJN96c8yJRKGi672wlMP3KL38FEAwclKoQA30Hi9gkQUj0wxpgouVmkEvSTD3107mq%2B5vxUy%2FgKm0jz6OZQevkCv7ItIcvs%2BlYNlCSo%2BhhYKt%2F7TBKfbBBPzf9QdoJH18BJEkRntgCPHdrvn4KM9O%2BFmky983DY1PI%2B2r14NWOZ3xRVQlYAd%2Bptz%2FMAI6xUDGPsP%2F5Xvfaab8ZRpVq5jF2UtDAF4sVIcJDmW%2BhR3Vl5ZXM%2FCghOrbjyI%2FDTHjxK2yfYSPa5flpFAthMmEFVsvfuR75QkrDnbPt0Y1cPNcuxXH4
2024-11-29,虞书欣丁禹兮意林少年版,剧集 137691,/l?e=b577g0D7Mo9ukBfQdpULvn741zcuhmXTpAPgOqUeXNgYN80bd9Vx%2BdtuPO0LEwVCHB0V57PE33Ec%2FZGA%2FrEWzSuvmOiMDJEBTKxXCYS6rNUv3zEivDmpyBQ9CHmoEsU4cLzjN5topaaTAbAESD%2B0G5Gcw1fLPPjuhKOa5i7GTcVlHH44T%2FD4dZ%2BNdwk9yymFrkBFt1q0ZG5BEwFwZvlA4y03XoaG6LXcS0P3cakdX%2BvKii7M4%2FLpjNGzAUVQyU%2BF9QREpKGGP7hLhFabWlyS25QiN8C7S6YhmtKcmosyktXYdSUc940Dkewpj6b1xXBPJWIdQoZ5nSLM%2BZe7UTrhGHurBg6rEoO7
2024-11-29,TES官宣Meiko离队,16.6万,/l?e=0d6bwwrD5yyzx4Wl9vj17ET3n6JZxeDGjcLCh8WQ%2B0OYbN5TqeUruMOuJBCgjCJnsqG050z1eZ1Si77EzvP5g2%2FnA7kfYTyNV7epJnZrXjgerZBh%2BBfncxzVzGUR090X87ewfjn%2FlrV8hoh7DxchiJfgA%2FX2EsUHzs1QqGZiQrytkLwi2AU9cFtnMIREkFykYNOUQge3k0%2BCciMuY35eyjljbztkNjM
2024-11-29,唐嫣灰紫发色,音乐 128119,/l?e=0c95AW5PqG8F4i9AM0fPz857DFp8LpekPA8b%2FTl59q8AWoSEQpdBPkeiaA6UoFD6S4Nl2j1jSeb5lrG8XBYpVjqa1ZpcRUOh8y6d548Ag5b0V6K0aqC1aT%2FPJCDpHIVIzR08b8ad0pmaVxF7%2FBJY%2FI5s1fPwTa8QC8aTvxPxvL08%2F%2BZzk6iml%2FuCzEp6IbkWWnaCYWiGsflz1zG4fahYh4s%2FuMMAnI%2BzYN8Y0iOZSD%2BV1vNR0%2FDDAV1dLo%2B%2F
2024-11-29,韩国人的精致穷,34.7万,/l?e=c28dXtaa40XFEOkWG0Rxj1Zs%2B%2FbDzfjVW%2BEZQStpO9DXUJcTR78L%2BU50vwHwlaD5%2Fj4KAHoMEsYkrTprTCKawjv8J%2FeLEaOewmIjNErSXShCx4Jx4X6LvbT9Y3w9SNW3CF6p4sKgbglbH2CpOmSsqdBSI1FLdYi1xkNnsBAESJ1e9sL88%2BLkVAzsv4a03iCupjsMTfcAY2mdgr5LZfWwFoZONqrond295xtXIQBS4fIQRTCOcloj6AZ6kjotkSqqdNVugZYgnRUElXdk
2024-11-29,林一长沙活动取消,33.4万,/l?e=a3a64k9enaN7A7r%2FlyRGHIgPvI337Ta8AC8sdcJESGO5mWxpFtga2v2d7urtpJT02Qt1XyW98QI1RlMYFViYQIwExuEfL3F1oHeinjGPGguuhziYPOowhy8tz1yPlju%2FOAgMvlhHAolFWLx2PlshJ9jYd%2F4nG2bj1onAjXDZIonZuO%2B5T31mqzewUDM0c5A7ks6vcRTtfLDUOQf5KLpFH4%2FenEXDB80oDE4tHZm21%2Fh8FiEaNgqUJfeMBi5wnXNAdl8NI3j1mCDeNu3r5MU9XOKmQx0MgTuo8LKh
2024-11-29,年轻人买的水果半数是情感商品,18.7万,/l?e=76b3jRV5v8vNvGMLwP5blLWtH%2FC4y5NVSM7YaiexAEtvfrQMwsC5SzANeb8Vi0Zimi1onSOu82VbUhuzVhNxNHtJAqihHBHx94G197JT%2Fhs1BWWsv6lgJyG%2FYIvFQS0%2FNJxmzSISA72wEzgMDKUiEGKp%2Ff1bXsrq4%2FTdxJP6dmHypcWF9DL%2FfXwAtqVGi%2F5sNxvmKQ0KF5zU%2BTjfC6ky87M1PnQO0dvTrTeJZgods08joauU%2BEaWZ%2FEzM%2Fo%2BB%2FdbZDtor7Zyaam7YyYWtuekWUFpKepDNVVcVvr9HcqQunFsuwTnOLjcMFWd8tuMg%2BinAkxbPywlwswQpBKMDCNJq3VNoCvRIlmKHhNzIBSqn%2BvH6HhcQL%2FymC1Sp5gryB42oMav6Axp20OS1aAX6YWpuH6ZBBuN
2024-11-29,林一霸王茶姬活动,14.6万,/l?e=41c9ajscXYTNnUnyC%2FwQzu0BTeh1LaKLgNquVV31AYJHfmlQqDkXAuNyAAEn5c1HhGNB%2B1dNBQZzOoUAZL1BR9ClmSKFrCsoxgIRHkEgkax5FahqbyM2Nua8KSZsX8a5mdYIuOHoPN8RaBIxCf3ydu6%2FFQeIYYwkval0Y9oM%2BbUR2XbfkhwkG7YfcC7HWekzpU6yHRLfUpyPM6yvTT2Vwn83GkkCkWewTVveRuNdhiu4y0FPVbZw%2BykU4KpUIV2b3QSxa9h9kwoQHA%2BK5qsmW4P9S5GA9T7mzuSr
2024-11-29,侯明昊无处安放的手,12.6万,/l?e=9be0Wzd%2Fg9Yf4WDjHohSlIrf5P%2FMVn5C2KdFNjeo8knpS41kOiPxjg%2B8hUqjbCKGcYw7u8w7YHveN8%2FiZ5bJmsrtWUR9SO3YkCDPg6a0OH5zQl8C2N1snWalc5TjojtACCUjzSgNKzTg7Di%2FX5VUJrMxGsdppXWyUTsm3ZmYNHLjOmxRy35oG5O%2BlWmiSaHt9hhwnLZ2iUmMzwXU7ShkGxSGGGosIXF%2B6LO1i0GPJIUWXwgtOOKUlwIDPysYzVhnxXq4ZSqSaSHw%2F00v7uniJPgJfVl0b1968wr5cBz2sH78V5ZK1PGUR8eD
2024-11-29,上海体博会真的太好逛了,12.5万,/l?e=771ahg7aWlbbk%2FSrTHXG7PdMm%2BX1HqyMbZnoqZIUaD7nxIPhJQrcpbBpG4taRqhQVLNsBhw347E14WDiDZBysgoqcfyWsUT9nARquJxSEBdEGsasvhEkGl%2FM0rxrkbqw%2FcOKU%2Bg0yC%2BIDdGTQUmVg6KO4sEafrJa6jbiWu92xNVttP2NchiogH%2Fq2m312sIRc%2BuAqafC9xx7UTTuOiH7jhorpqG5%2Fp8DRX2qagevNjdIC6iPDXoUyOfA0DOhh6FapQxg8HN3CMr74vuq5lOw0bisjmIL6CYL3LzXcOp0B8ES6yzHwO7CJR8OfZjm3d70chPkdwUIY9X07u2PyRIODvYjBcJ%2B7Ipb
2024-11-29,容祖儿心淡全场大合唱,综艺 134258,/l?e=9d65ONZB1GynmjvX3Ce144ZkSebbkTsl4HsZX2oshCCoNp%2BhzdknR3ZgBJwr5fCm3aZixxO%2FW9gJKSeuKYAI16b6CnIGBvZ%2F9ACkXnA0y3nc%2BdL%2Fk0aDBMqv3G7FwZaG8hV10t207cJdB7BZX6%2BNIwLag%2BqvX22RSJhAYaDI%2BsmQ%2B0wWlAjmgQm7GGCygk52kGE2h08xbs3HmpES7ZRtsjknaHcsSDAMtrJFV%2FpFsC%2FjzsubpwDiGEMJ09ka%2BFAsXkyaar202piIn42pndeOrSsBLVgwjRMsw7qDVwAa2Lsme%2BMpRcQfH9%2Bqvw8kdE7shlla0%2FNXFixL
2024-11-29,王源头像P了个新帽子,22.2万,/l?e=6f69mdoalJmcWZ5PknK6hEI%2B%2BNaGRy1BMuXqBMRe0EQ7j%2BbmInkNNYU8pWxQSJgo3dGEXtLfEX7YDvzGuz%2Fb0EYtuxrNMlWtaGqUmpZTesVEthW95ijwelUn64ts0xqCfe2Kv0NobScgwMokUk6ONQ16H01hmP0Tb82BCUIEyc84xBbFlB7dimDstnWzSfhsQf%2BhCwP%2Fn5ohJnYHh83KSxfEZk%2BFmB53efH6rSaHzQSId2Jvj%2Fq0aqo8CFSXZeCzU7IocKSe0QFGez3jq%2Frh4XVLdpjm888h%2F8taq%2FlmehLwcJ%2BZjSpl1X7AFg
2024-11-29,再见爱人4第七期视频没了,综艺 342509,/l?e=a58ba7tJYsoaqotTCQVqBIIGeANHvs6CObGy6QZasBiGctS3TuABb9xDOzqqgOo6dGJcoU6fqT7q20pX69wDj%2FML%2B9niu0m7%2FPRm779MmhENG%2FYzXZIt6Pi8sUSqs%2FpZoQCiY35G1XBfHNN86S6qX2yWFPF17lpOb1LLfhH8BakiMcDE39O%2FPdqJD4LoufLSGg%2BzhxvKt3i2SqCQ3UaPig6Gau%2FNutAjNMDR0WCIFcL5r25SgOhjWJmuOq9eBNq0ttmEpRj92BxTbLxhLcjEEPlVZEwWB3zoZx4x%2Brkr50IYJugmWgAIy%2FoY2L%2BCNqWAL7%2BJ6OkQfkHzuArDnHKnwDre5R2MIJexzQ
2024-11-29,优衣库创始人言论争议,19.0万,/l?e=b4a5TsioinZ%2BvWvePxI05GGuXnDVBOJeW6sca5BKp%2BzVwVPI7VCTlgNDE2L%2BJAqVHnCv4yQLbvXEPz6AXhqQqUBf1ytvG0ltQWhynZEkBlD5Psre%2BvxbAjfiDlCOw1WNKZ4NyFKGDRuApc6YJfac6KO3ignNLUBMDlKtpdxv3tkDuDytHc1XAJfuQ0JsfqAcWLRO3ZhbT6Q4VMtUYUG4WO6RuqEitC76iCNnDfuR7xSZWedttzR6Yd1MpHxIYLNxg7axOztKqBZZrapFpkzfjau9mFhRMRcok3vUge0LM3j3l05fzh11nZOgia6ArN60srR4J8cGWPDe
2024-11-29,丁禹兮看人深情是因为六百度近视,综艺 197393,/l?e=def7Lu2Sl7EighobFLRmvxBjDiOi%2FKy%2BYpuNnInNt7Va%2B6vq8p98wPzLUKA%2FKphsq5lRincqD3Fvk6aMyaoToTzW%2BqqFRZ%2Bia4Zo6GmbACNyLd2AamXXh9zs1vowNs3yxGpvInWrbY7k82uc2z6AUTERmFKDdGest3Vxh6CuHJpSzjHskeM0AehZRZjuU%2FkTnIBXmIU96bpgwsAIOJyTa2szWqY5hSE%2FbDJ90C7Rt6RmE3Ejk8xOn%2FJsXiAkm4Wtcv%2FRXObFnwTkOwg8g9OMF5H5SWZTdSiptwJjAYQWnS2sKHp0nD96Z%2FRfUS82GnpY2SXZ174fx7A2q74dRN%2BskYQadFywj%2BmHsiTlYvh43uYIL6A8fwaPkxplDNfsOUz9SDHuTMKPGewuBZroaFu4HkXqN2HCUW2pJ%2Bmd1u3tp9WnGM9N
2024-11-29,奥斯卡宁荣荣 新还珠格格,剧集 164358,/l?e=adadYHaDwDInINKm8OsrJ7qV97XUnZZpGFzQ5aKGx1Pmm6GwnaA0Xsj3W3ZquCpgPlT%2BtHaj0p5MsaKdfZzIWCebNTh1AJKeUiCqNSClNPJDzj%2Fklf0lz%2BIOgA9zv2dMw%2BTQYmfI1hgXLszo91AUdRu1MAhH%2F9KoKHQkUhwBQhUU7n9QffedS%2BaZ9QnlsRKB265KBmcomdJnyD7mLZQo2buK4RsWPFQ%2BcY7PYuROxtqDuyn%2BkLraU4PpRU0B6%2Bd8jbOqC0VVmkBDty2d5%2BeJ23oE%2FLzPNBUeSdGU2XVWpD5mh5MROSmy%2Bt9ePIseI8aOgWxkKwzIzfKwUwaXhh49yHCh7v9eHSVSGd5%2B
2024-11-29,丁禹兮 包治百病,15.1万,/l?e=d8e3cvYDwkVoOXAG0qHC1PHNyLxotRrlu5iQH5NBedZtIEBTxIBBmvuokSbpU8rph6wBlWYakEHTSyXRgF%2FI1gdu%2F9142UBvyak0QTBt5AKVjz89ZoNkkAa0ZEVbcCMrqspfTdVS7TcHSKh8vV0FagmHueR8BEpuKUINYay4217EvaUw1bXE%2FNQmu0bki1G%2BgrUCZlzb%2Bz%2Foy9xt9iG4pmKcFlvS0lqsgoy51T95J76PwCqH%2B12r9K6PgXjdKHrkbiJAEI64RKoumsyuarkK
2024-11-29,孩童被未拴绳狗咬21天主人未现身,257.8万阅读 | @百姓关注,/l?e=3eeeMCfG5mmjCwQ%2BOr2t139jnFZkcoJ1391j5lNtF6GL2X7Dr3RUsgsoq6%2FXpJZdI7Fakvxxvdfr%2FB9qO%2FWoYXaDXDq9mvE%2FzsJN1aTyFzAU0iZiA0Lt5NM46yjCagBfubKS7xI2rK9It0Kyb7JNxFtZyka696JXLWFsjV0%2BbHuNmit%2BuQZJqfhpP%2FrvM71nmV%2BGY8OQLw%2BgPI5uIm58PYREiIR4KPyBNmSSgz4GIjglNtrkJXDkd0vBQnsyS9iA1IylLBlwr7tdXCq55YMjALXJW756ePRHFCa8o2IYBmYIVRhxWwqgJqPLTEA9HoNHQuyAbkd5nLT71Mc88wcllTlLVB6%2Bq3Cgf2LvppbdhY%2BVuE6Qew0%2FhjwLDPdzpw9Nei4WIVSsprP1chr%2B%2FVw83dayaccJPXI
2024-11-29,MRC对战GW,13.3万,/l?e=76cbdrrFgZ3qH9t40vC%2BROxDkWgNAzEchV9yuG2xqVybENuWaEMjeYMHYfW3Sj6Owl4iWzSjtqca8bVzsJf2eOeHAjHR4eHaMp8L1YEyoS1R6GlGhgUbuyE%2FHqw9u1f5ir8r8eYv1QiznvoHOPQOLQq7FeB7xgz5hyIZdUJcKZuBpS9MilU
2024-11-29,有毛利兰陪伴的夏天和秋天,18.0万,/l?e=ad49MNEhyRcZlCHroOW1GAfc560s5poTZdn0Ze7EocqrrubowKiHpTxZFkd%2B1ObXArX7jQb%2Bbm%2BKC%2FCayiEkxGKfj0uHNCR4ZvaIUh95HI6SeZ1x3lFFTfX5k2kUMx0j0POQdPywAF1NgDt0PXD%2BZIGTshq57JZxu7ZVElTZuEGzzy5P%2F27m0Trf%2Fxowr2hCjNuS9DIMOeCsRDCSzqtxxOWhuSY63QaA1olnb0h7XnT%2B83KxszCiFIlHiaRuCGZlXbLfmAfJRNphzoeViQmkC7lo2JCt%2BtdiX8RZrsfPzUlSvOszTZdIATD4BKw9IAiqMG93wwTyRC93dDq9vVbK00MJ%2B3cUANAkggaEPDjbQuppxgigTiEg
2024-11-29,南宁一家长称15岁女儿孕期被砍伤,12.0万,/l?e=ac70Fubln%2BDLnwf9peOCCvfE2ApyE%2BySC8dsTBpdxZjxzbBeX6zAO1csIueRYnzJhYgNNhrnyYhqHFzHafsJK5anIhN%2B8wI7sBPtMjdiu2Pt%2BDfm2Fcsd5KH9nCg9CG5x%2B%2F6AK9xBNzrf5sDg7qWyszjiFJEs9TpwhmLEOx3TA%2BD4qNzUhHnTabRLc57fArnDoSFsibM%2F7XeZrJ8moEIU5toYMEfvpWFOwrRzNc%2BTVRSGPsddfXM32QTPGhEh7hX5aTXZWQyavH7n9UD7WP4CklNGHGnq7xOgsJ29jzeRmcEDx1ihDkVLK5GIonL5eYQ7%2FvalD7CZdkE%2FYUl5NnNcmmEGdrNW5gmGiThnxa2S0oTZV6lXiLMpmtnPcAsgCVxlul45jbvP7xSYtEu0v2tzZH0H1JGH4s
2024-11-29,杨子黄圣依 人设,综艺 163969,/l?e=1d1fjp24gethS8tu3R1uH212kIDvRKmRTJH%2FYgBnTUqqGGcDeoRnupB5Xrnt23kI42Dtz9F2y2Eonri%2B%2FlKA0Gr0I8NZuvDYmFTHvzflZWGSZhI%2F2A3ihICcfBPnFnyjZRrsWbS%2BlYKLSDRPmJEujcmKFp1hRQJlkeTfDcxN%2BkfBi%2Bb8bFCAwDD7K33mhJVpWCgh4frYteQAQ66HJUtce49DJfoBmp49w34IFmQ%2FRJTKxbb%2BliJuYBst8VO49CchNmGPZgc%2B%2Fd%2B758DrdeWN
2024-11-29,张予曦 初生天使,剧集 127019,/l?e=404a91aUUfEff%2BAmTMETO%2F3XOkj7BYwjWZT9w7rf1aInJj76Ud4qxXue2RF71tKIu7QXs3K7XoyrOWQ7mh%2F%2BxiyxpiYn26WiAYVAfuvpK7V5ekIt8UZT3rZj0a6C9I8q5K5URKuSguHfqYLlZZjK8%2FrBA2NDlZ9T61tn9h6wXWrPbI0J8%2Bp6oJ7o9qb1r2CE4ia0AgXNvzALG1pE908NA5Ei8pIQaiQCcGXM3ib56Nwylmkb5pkVI9R6WR43CmJXzXjL719A1cg19fzkW64N
2024-11-29,3人1分钟抢劫金店价值千万财物,15.1万,/l?e=cc207AKV5bW9aJOZuiDX%2F9xbBqSLLSte91UKoIB5MvxrNLnaVVH8rXBN%2BYnV%2FklNydcLh4%2FwSvV2Ggm2ShRBj9vXb9e%2FyiCzHGGfQ82kCWgqJEXCFiFiB6pohhPrUZudkg%2Fn6ALZ9Ip9fiAql4LiJcQwBP0AD6hWmroqJyfT7viccWI%2FVtO329wb43w1WUUfce3mAg1StpuvVXDIVQwAq5D5hvQWwZLq3%2BL61rGpCKQ3uGF3jtecwWrGbUmmd6ac56ASBXjCFGt3mfz6rWEwAHI8aANOOqvOyRi9mmqPeecW7ihKhasfAETgCeeR7fXGf8BCiWIw4jZrY38%2BAnBdILntXBJ%2FsiCEJZE2%2FjqzIBfvCKo%2FMjW1Tl7evO8KZmLC2vFjHemo5oI
2024-11-29,派出所回应山东一金店被抢,608.8万阅读 | @大象新闻,/l?e=08e4A7r1ctKVjp7So9njNP83ii2f34l6Wc%2B0nHVIf0jGh%2BrGL0VuRh0Bl%2B2R3QffETQYU9naNetHJ7W791UI7MVlb4b345lDdlZnWaRh8Hz6kibD%2BMpunzSlA7VsBWf1glcLOwkwhJ%2FBdbyQQR8HqQW8KcoA7YRLidFoGUYbyGOAybE%2FmXDZgdJCy8sUDSGo3Pux0rRgFV5gVrWO7EXKWkobuKGiSnd7BtfgcyNbuN3GdQZrASOWjkmXI3OZGaGqJb%2F%2B0TFKUgd8%2FUeHiNtRji4VMXtYFtVCGQ1uAfxM2sVQfkfftXIGvS%2BR92ODexbHJgfbZI73r4ncoXzgIlMyqHIlxndFCdSM2ARmnQxoGXi89a6uu3%2Bh
2024-11-29,珠海户籍居民可一周去一次澳门,726.3万阅读 | @珠海特区报,/l?e=7cc7fmq4GCoO527iNdSiq8kgFyG6kWQeMJSlhyFzDvLehHWL5lleIc0T%2Bha0UR16hazKlg%2Ftn5YDVohbSMrlVrqlofw3fFIicAolxmPuMHq1L1bYFbCLwVYvfAeteuqX5BKk7AqcmWdG2cqDFSB%2FCiJ4vDY6h9GMarmR3bGQle%2FrTf3dehGP27ZKa3e8UIFl2PifJr5Io3UUQIUg%2FHBZwm6kCqJ%2BRtP6044gsxsu6aEdH7DVxPxkiyQUzpzU2u0%2BHnoRDVKvvbAEPtpwidCf5plMRcAwDFjJr5qpUf6TclWtw6E1QqGdp3MSV0JC%2FOAwHLfT0B%2FX6BESzg3FO%2BKai6h3ks88%2BtmE4iQKQhtBCzHbdZJLoI6OEAvhvhgPhJM6b0kdlkUXY86ApdnG3ttGZLmhb68E
2024-11-29,蓝天救援队辟谣外卖小哥海上送外卖,,/l?e=6b93qm11sRnr%2B6X6qxnWq5PS8VFKM97KSoan84%2BLMLpPsCLvlhxBJ1c2tgWxzRCaZZbywo20Ru631N8megyjBujhypUQ6%2FDclqTuWkjj9nePWeXANbEJzJcvf55FK%2FClnpQTCSm6yDtB%2Fy8S4PdCyiy94FTDEEuLe6XJ7jxeG1Khgze4KRADhTifa8193cGifPPRGJOdMEPfgoK8Y6qj4%2BOT3ICvYuUJzDvGmF%2FVR3UvT0Xb37PNFQW9Mq1vbIBrd43MKGq2n6naAeMQN3gINcaNxL47aioAI0KcwYyhjdNIVdUzI%2FzogTbCLm7Wx47TzflL3gwm4e%2Bq%2B%2BpxWhdKWt1mVCDWe2a7U4CWCO6JVm70QDiSZEL%2F9xqZXsHija4x7wZFOQzO%2BfTWZ8%2BjjMd%2BAEzwCpbgCa5XrX%2BqbpdkJxHfkezHiCkUp6bGR1ObKr9Yr4T6
2024-11-29,卫兰她整晚在写信,综艺 136195,/l?e=ebedixV8sowzuxm9N7gslHDh69YEPh1%2BT3pqaF9TJ08r8Rbnis7PdGhdyfaX%2FmKJ5RtzR3KP90MmXiypfMf6bg5rjWe4gXn9T84Ecy4B0xmmPNGB0xvBBSE8Dy2kQCINBhWhaBKQaKRpV13Xxl76BT%2FAZAEgfT9gs6v8zCwUb%2B40zwRVwkKYnITACKHKIhW4p7yqE88%2BB%2BZHHaIeQHDmdqa3rnPWQMBEQ2JlYf9dSpgmeULo%2FUOCTKffcaRIyY2qzwXYOWC8QkK0t%2B8KlssHdCzeBavyAnBse7X%2B
2024-11-29,鹿晗好拽,34.7万,/l?e=b6af9u9bT5c5kSNsN%2FAfADYeIvTiBHQA3IiEyP%2BeTLuvpyK6bAFa78DOrIldTeb3fkVrwRtPcWfS%2FejH6Pb8064C9u1l63AvV1erPoUdXHpI8XRkHWxS5cosD7iP74x9wSEwiyXgIX%2Fa1dFBMpE2FCpyb6gix11SQE1T3yytaSax5wmbITfOM%2Fo5TfWE6r4Wzw55MDo7pNRhCws8xHQJ
2024-11-29,108是法考生的幸运数,17.3万,/l?e=9b898aHxfpJiM2HMK4X8UyeRmunnX45zPYZNdkfJbaLZ8YFVCF%2Bjx1bZnxIuv2LgOFdPLOLNY%2BwpNpLbBM%2BbxdUUwwUxR26FSse7cQZ%2BaWpm9PRatgoGe%2Fuc%2F%2BMf6WJsOD8OktiSDhna%2FwGMFO9mRi9poODmLfINwnmb6TWLRF8D2IeInXVImhWZA3qB0CrQ2%2FKRTID74dboPc9lpCXiVsBT7t3%2FthVp16WWli6oTlNy6viangDtYpY%2BZPPWZrnSqYksGlBgHuOFbsVNwMtDOppog4FB68F6Dk5at6X4
2024-11-29,NewJeans解约发布会后首现身,16.5万,/l?e=8431tXU0PKOhuJs7lzXmOCd21kZ%2FLByxMvljhSOsQqhi20dyTwuYSFI2%2BYK67ycWN7dlw%2BYSxyeZ0iw1CiBP7C52paYC04gmrMuwLvjWpwbuKs%2Fa35r2xSXnYq2E3hZtdz1GGaoVQiPQSox4evZvDXMuaCTucRzEpg0G8g4lb%2FBMEj81Zw3Y68WYAcF9z66C513glgerAsL%2BsLUlQue1dMDe%2BYYi14bWSzM5%2FGS%2BAtwe0f5vHjzpinkqEEz0zMKA209LYq6%2B6ahyp0%2BrypZUNZ%2FTKaDylunk6s6GMJV%2Ftcrqb0RVPJb1llBaKWTJZ6yg9PQ
2024-11-29,唐嫣COSMO文艺女主大片,16.5万,/l?e=4bdeBWh88fkswLBfF7NPUO2f%2BcdQPXbKnVsCpUBHQ4vQDla59uQSi%2F5vmkN%2FgshgA%2B%2B57EC3TwMGvqY0i6R6gOQ%2FEf9Rz4JyMAribGYwmIeG3YLFcixTVAE8XG9bSuIGE4jhyzCqLLHddUag5gTXnkdX0rGEp3%2BPA9PQ4UDv0x0QeZOF9D70nuAf34Rdqczdlw9vUaOLVlNxHOnb2DwT9Pmyhdkb6W5kqgTX7XCeWNshmBg3AV9mrEIf7YDia7rgvx7wCfHThnE4iTLc0eS%2BmJ0pzFi8DwbIXJJmNQezhnk
2024-11-29,何洁时隔十年再唱rap,综艺 181138,/l?e=624bQVap4pbSuotE97haczEaE%2B%2FKKF3Tnw%2B6kEcpscH1AyJPHc%2Fq6HJM%2BY1qbubUB9r%2BF7OS%2BBZUw0sxYsqwf6b6VgJ27iQkYQAFpW2mUpToa633UjkRqtvQcCvLSdF89Op4ja3CYm%2FTOz8ASyFbVDtGzpgka5jVTFPavm%2F1yRYIYV89wT%2FvJ0D9Kk%2FzJBIpfRMMQx8axmRO%2BmwfiWA7SNa2ajUv9zXGn%2FfNeCgF%2B5sfcW7RaiCbWYanEj%2F1a5WFeEGvN5LKt2TTiBBb7riZ4SYXXkekVZO460GOc8%2Fe
2024-11-29,古巨基cue宋亚轩,19.6万,/l?e=e6c9BLBfg4XmeMdp%2FzRkblrNzH3%2Bqi3hzRreuTvDAHifnL2HXdPHvfyMGjC43UY20YKv1QTFdEX8Seoell18gAjTydLiEJHbPAMcTXl%2BTNzd0FzeFI5fHY%2FsX53UhrP7nca0JIR%2Bfg636dlzAq8E2yQVxCPlqlsznQot1AIzgJwYhZosJmK%2BGb7FU5KlMmTM9tjc4z5p%2F25yMhLaYlQBU3ZgzqSdRTghNw04%2BbNuxQp%2BHDKVt%2B2eBp%2B%2FRtdUM%2BqF
2024-11-29,WBG官宣Crisp离队,12.6万,/l?e=d6f7XJdQG6HDzSu8NL3mGUHaEq00xYPn%2BHQFpbKoXjg953Nm07r8wjeu2umrPW9%2BQ%2FPya3qO8naifB8LSu83PQC70MTDDi0FSCLtL7gi%2BzHEFOoE6YxbW2aiSbMyDggNsCW0JqMwH4cr%2B%2BGk8h11InNwm4AkZwcBco62dqY40shvOamNvComxGg8TZVhVRuMjj5iGwrGEhuJkUx4WlbC8dno%2FNAhaGY
2024-11-29,11点05分是郑思维进国家队时间,14.3万,/l?e=9a21hxAUxf3lBzJ8vrthvIteZuMGAWGzxKcMnv2AN3gIOX%2BYwYmTGabEP3DRKKWnN1vnxqne9t4AmZ3srGMlxUvd8orV%2Bm%2BVlY1ANt%2FfT50a8O%2FQ5Z0GMErrKvChRddlA3THVGDaM5r%2Be%2Bsh28nQxrw4tG9Rj3gCe5jqT7K57M0IYPmf5RWYgN%2Bhc6hh0Ry1Sx7f939DuEOnRu3KOhP4B%2BExmQICMB2dofILhPpNOUISysNjPTi7pG3HCILCnOSh11CDQLL%2FF6UJ%2FaZMpHvZ8Xqa9BxhJ9YR%2Bp0BuWxhWR2q6Aj5emFUImAE4nllpMeuq1VbS0GFtL2hN1CsADTSu8AHu4UTWZwIB1eZ%2BwaG3wc%2Btnokd5Emghk4Ng
2024-11-29,黄雅琼回应郑思维退出国际赛场,33.7万,/l?e=7886nX87ssLGXOOlQ5KzA8m04YRljxC2hXGpAqHfzcPmJEm%2BgkWQHHraYC6C%2F92%2FdxsjUb2FK03Zyofl9l5reErv2s2mMRWzXsDTnT3LD0mkfm6fTSOT5fVRU8Gw17xOyspTxELcEjCbE%2FMSySq5zVAUeGPbkMIyxK6zCfwSKFmL7h8UxQbuq6SgnXsgo5HrFuTEXlnhVf9uijdkR2XC9zEax6djAa6%2B5rbKM0OvSprN0xMMEShy4hUSTxeyFa891Ez%2FcgRkyJLnZOOdreQ9eCJlZgJX6U1aw4e0uoqs3gQJME1qEBTa3IHclaz2Q39hY8V32Nf63KFKNwNWnPq%2FXPSS1tNwukJjfr4dJY5VjQ93dk1YPSkTV68%2FjqPtAlIDyA2n0CAmTpsIYeeHKt8qzOqmETOp
2024-11-29,中国奥委会祝郑思维一切顺利,15.6万,/l?e=491dZSYzOVimYw6a6z3oLrsZ0dc27tSCdTEaaQMCCfBzJRHsB8V1TLcasXSy87wO6zr9I1HpOBfGYms18bmiCssxG0QzanYlMYyPnFtVf8QYvFJjeO2BJQnhMpiQxx7qh6k%2BaCnBuBUvpmO%2BkpJU9o%2FEB6WwXMRuRvvaA%2BwTuKxgNgmsB1%2FHEaAwadp3qqKMSeOdTwZu7yKKdjwKwplDh%2Bt2t9dg36txyfR%2ByOzb8Ada09kfYqZk1tjkivvy9iQ%2B%2BWgifq1KffteIEer9aTRRXvqODWMVIxChkNDm1Pm8RhGRr77WZdRjLMNcjhtI5dbaqS801zS2SHgc4gNt6uqbBLPxn7MfwHTufSx0rjNBxj7FchvNT1DSA1H411pebfLDd8xCT%2B7
2024-11-29,陈少熙预言家,12.5万,/l?e=a976jtsOQg3HNWVDNo9i39N4mjt8PCNCRDl8bAFCwbhs%2F7mhCQjO8dFg7hEQGGmTVccPyI5POUQEgGNTlGOcMoZnyGB3z4vB6JzBq2MNtIgHw62qokADFgkaKDajX85a5J9B97gA0P2cOy%2F3tW9mAdQ8SOmMyJViJ7WCdv4psSZCaUL65GJOkHGpkJ3QxKfnnZUC%2BuK4QWQuzH3k4JJYRyBMeO%2FcA2szNO03G0umblizZU7AoJVWHVQKUNST
2024-11-29,羽绒行业人士谈生产内幕,1208.6万阅读 | @九派新闻,/l?e=e97aD5I3GK6v5FJew8Szj5S1VudxYmsS9vpGvpRlM13oGeo1kTGWo0KCSO3UG8QT7mUDOF8kvD2oTPGJhOAJZbEYkfcG%2Fq8c2om0t9ZUKIqS7pEVF3ci8MghFaNvnNI2NjcKj1gk9aKiTY23tmCLqtYAS2rn6lGrN5K8sTbaZYs7ciZoi36SkSGq6TlL9f%2FHO644Z0SvZdNjaz4kAv%2FOh7b3Mw1cKon9dfxh5bGT2pXSve9jTIfJo3Gacv7VL0HchzitHOvXzVf%2FUW6ZihRq8jjZ4B7L1Adm%2BkV2H8xqZstUGWSOL4iOn3YfufZeKHN5v6xPxRvAkowsaGkej1IAmXIuijuFMAlR
2024-11-29,官方通报学校食堂吃出青虫蜗牛,496.1万阅读 | @新京报,/l?e=9947djvKgGBUg4mj9RNc7mbRgo0paCKpR81FY%2FL2MKIzoVTH3qSk%2BASvmC8yY9k23%2BwHlQX%2BWg1efGiwDXXzAvc8BnMO1U1xXyW6PVNI8EUnQQMgOeylxSb%2BwyYixO5ApaNFuTFi%2B2v7fJOfY50c1x%2BmX1ibFBHnABu2sonQ%2BoUumjzVK4gge%2FNibFeVWSvOTPGQwSYgGqxpIwgVpZ6pJOtgcQNrE84uCr5nAJgHzCUWKr2NWGjqNTsTYQeRbk04NYrsdmP2jSd9rUxnTy3wKOUT6F8GaE%2Bd8C1NED%2B6OX1ed1oycbSllvKXGiKTp7yNOul1xZhdHKV2OznkECvhFsK1ONJTPKd9tGpbg6AtpzEQjK7JSSqtTCT2CyTIVujJuBu0a62HQWOldhuLIgbhwOTtrAcB
2024-11-29,婚内婚外老婆情人饭局修罗场,剧集 116034,/l?e=767651bWwtPsLFp9c22FKdfqChsrV7JuqcNasDSVw1IDUqhr%2FhzbPXYkHl7YW6GtX%2BSYhOjz2jH0NPjt6vi%2BBziZY0cOWdDdvt1x%2BG2cUyLNVuTYhs3LCxbDooS7F4aYbgAE40EH95qZ1vCh3MMCRzEykUUzN%2FiYxJfqiJhXcZ0Q%2FcJqm7clKSK9neDsJqPI4ud69Z6wncW76hQfUKSsPTEqWnCKwlmYc74azb%2BDAx5C82lGNEMnBQpSu30rg5SI1g3kp7Vu6Pv5xUzJdHLrG64PkPk9CAdPoZRBZ3JQiaG85viEE3Lm%2FTJzOZslNI6SutUI%2FCRTpj8%2F99BjULYlGg48bqSdfzIURwYtSiTjfNkxBmmOXI83qROaAS%2Bzhjjs3sd7LCQ5
2024-11-29,Puff和Langx和解,22.8万,/l?e=cfd0bsYVi%2B8d5DTWiJAvbKR1I7WHZr5BlmoVtXmad4gDwX5znCi%2F5vNPP%2BLbhFnA60w1g22Fe8pulSzx57fTTYWqT0D92TAPvtzzVfJDNLv2KtjWDMB04UTCZVIiiPiVKFhBQWR3TNwL6cOeWVOKFsjCRH%2F%2Bz5PVpJiBslJGYgL6gGzs4A5W8d9W1aejwAnKfz1LK7qmfw4Y
2024-11-29,国乒备战2024成都混团世界杯,12.8万,/l?e=223dbgtYh7VA4rXUYjMiVL6xnWc3JQW%2B1ZY9i3f6IJuePOTx8wE2HL6dmsX8F8xpFOMumIABXEapHcf9HP8iDMzqaeQvPONYhFFbEQh48w2UoAnABLewUs45SBUOJ%2BMbtO9tp28rsory3yn7bkqqnAXhPDgHPa0%2BEZx1hIz1K5ZhYpGPzG%2FoGi4jCobO8faXUja4rEuGd8maekPTK3gfsz9kmFuGlWjRVEXxM9EJisWTMg8fvbocPO%2FiuS3Upn38B1ATOKMkWvgV1%2BWjr6bn2897V7yqfUV8Anr8Yfvs%2FgNkQTwJDKuEJaf5uglrHs7hJ%2FWVN1AMSzoMseZ%2BLakKSeubqMvHtU7B4mwJyw
2024-11-29,苏新皓我记得那天阳光很好,22.6万,/l?e=8518%2FzeasATPgD0uLo2AM8o6LXgQL3G%2Bnq710WrqFDi1qXb%2B7fsN%2FTBmjsrLJrpFEu6XuLAy9wigeJk3IAMiqtqqb2EOLSLnxmfuxrhwZYpE58Q5Q5a9cI8t4tdfujS2Hx0c8juqMAwNQQkf3293S3I0GxjZdiGEd4vi47t38a%2FwPkc%2FHpoVt96i%2F2E9%2Fjot3VSmjGDHG7Lhp8Ysc6TlrczFDrH8mQuIxgrPJwsX%2BuiyHhwxiWrXDIiOePODuoqFDEYt%2FjYt%2FIiOOzjfc2imUBqnfHxJ85wSBPgZvn41kskddlOYC0BI46xyTl%2BoAlsqtX0ERNnCAgnDr%2BC7aq00B5ftw9%2FPtv3jyK3KJN%2FEUFTRmpCcsVZ6
2024-11-29,金泰亨单曲空降,音乐 168164,/l?e=465bOcEAYLtT9aBPn%2FxLmTgw9FBRSGuQkuEQnLMbvBL3NX3Q%2Bzwu6JKrDrm1pfTK0MUK4qcCBdatvmt%2BbCUo1xXa8QD%2B4I1rfp7ZW1uDz2fld8va%2FnQmyHXRxQGeT6Ybb4%2FDZwq%2FllhNJJ9YDx87XtRjmJUFSuQt2a27GnB4mRB5%2BQU2XFQhCuDverHLAqxHFYbulX8%2FNbLJXK%2B70a7an3ZKo4dwF3dNyjrO8R0C3SAWHEnk7le2XcaOyTFOz77LtO3413Q8YLeSCNy8
2024-11-29,唐嫣粉发未来造型,16.1万,/l?e=dd2emwbpD3SFnmMgr9pEUCprATrWSb2ugV6Jz5T9Ka3ONkhWpjGBQL5YaLDqlSNdPYfL1UrarsmzONWtuVEZouOUeXh7P%2FXhv0e%2BdxRZoJ1HC%2FolC%2FsNdv2q6VQPdIUJcF67PUIu6SRlYXuu3bOrKDaDfYukyRuvsjJV4AwdNHnkg8JH1z3omXFeOAxNxutqYNR9Dm6WMdfvBUSIbAlKFEG%2BlpGBIy41hbxfYYzYtSg1MEYvKOeYfXd1%2Bfpsq9KNMh2ZA6Z8YJFg7W3FkdNY5bGmk6Ti1hx9Y%2Fil
2024-11-29,冯绍峰接想想放学回家,34.1万,/l?e=ff3dUM9IEsIka5u5Ielhg6g40HjOkLV9%2FAjJEJtAfK90uMie9yZKZ6rO7brnWyjVyGmkjFJSLs3%2B3NEUdJQMRmDmC%2Fbp8753P5oXUvqsm7ND%2BQGMKj5D2iaSEHS6NoVvuM2mFZ2EHXR2QFAxPrF6prEXd6Ujw40VOUsGquVwIr%2FJTFmpULsdCSdyGOmDwASV49wR7lLBZRiL3JWMIhPG6s0psuu696Re4Cjg0WXnY0b6zypBEjroPvWzYs9wARHbud%2BJwK3LH5ed3Gb0Pa8Yjv0f34v3iOfX%2Fae%2BN545hptN847VZH%2BsIhxJNpira%2BGsm3gAKkN622uP
2024-11-29,冲锋衣成顶流是靠什么征服年轻人,12.2万,/l?e=4197uuvqlTn4erHlD5PvB4KHZCTb4xvWI3k43IfCC6WDmFOwoWBZzagoGdRJb2RhGKjrJ4BaEccaDviHRcqDnNJiMoX%2FjeVe%2BnpSFEb%2BBBDjRDl%2FAavXuFi7cGI%2BP5qBM5ESWy7l0S1GKGwpI4ksfdzXYzmbqmIPaJkfdcGiZrQFNe73VTNAAOkpYZKU3xLI1JRfokxDWQ1MXHDKf9E27B9Bd5UdXDB2bMTcR5Pd9jRkFMQ74%2BDDO%2BtTfAR%2Be5CvuD2vk7zKFRXolvbVDRZafeUlfrnubof0NI9nVwDmG7uJX3suu1DsImZuT5hJf1NfwWPNd221MwcdZD9p6IpIJbQOgUJVlq4RmDVL8nhUMQlpOUGGx4mETeLkU0I4y3dho%2BKzNAo%2F7OOrOyA7o9WXZlg4CvnRJjSRk9jrRgBIRCLUXCa2
2024-11-29,闪耀的恒星含糖量百分百,综艺 186584,/l?e=a446zc0rVJ36TGg5hAuIuLYGLzlASOLZ1qrr1SMoX%2BVkD%2FkPpIP4532bUqa9i5v8LvCAsk9BlTKlbpJbFqtTSKtOCDHJIZAx%2BKFRUhEKcL7Hl5mIQRwAM8H%2B77Y0e9ZDxPCTgtR%2F%2F%2BEZ9Go5OJnqGYMaB8dvW3T3hCNvF%2Bs1r2yaWqhrfCGv%2BpDSzH8k5wGfah8Ivhw4t7RTETneqUM2YyGsW%2Ff9sH7Fh7LQpIq6BVN2pxX3id7HYAUlP7ztR%2FTer7fnMDK7duV8jM5%2FO29wfG1httiwsrLHuhbp7sa8Hybct%2BoGTBn0hdjiSEQ%2Fl0%2FuIisoN45RjDKl9%2BzQF7taPl22mJjgrQdX
2024-11-29,赵樱子出道12周年发文,19.8万,/l?e=b8ce5ysCRxLHdJ%2FD8INeCsbylNiJVcnU8b2Rdu7ly0mTyrrIossL5cRx9wfEXurWkdMRtrD2xL%2FjPRphQPtY4cRF23b2EUGcvDJ%2FDk4chM3zU2wLUwzdgrJ8QLikuguyaGfySVPIYQxqyO7XRC6qVgK%2Fd8LcuaMMHPCXG6Odegoy4rG5H%2FJI3puwpTXJ3yiZM3dRqDFTEDMZTRTp5lTgyuYHFe1qOczQb0jG62gJKUIqVGf2EPptA%2BNh%2B91srI9XGyNMy0z3%2F8yr7wjomP5aQIysPzeRV%2FCZcSfGRr%2BotxOTvN8sok2inYbLiOg
2024-11-29,世界羽联发文祝福郑思维,18.4万,/l?e=cd83qc8L7i5S2R68rxfhDYLqFpOjN8KNRdTFip6v32H%2Bi5HCjpmfkTqtSLMvBZFErjJ39kcOspdwX%2Fctf2cbTBkcWdS3G42A4LDVlqpgE7WLFkMWQaKRFhd26pbvuvZPzA4%2FJYbduR8CXm8grCUceVTeua3EpP09qYf2o7M4oEoVUwGRiq5R%2Bcj3GeozXYq6smmnPQmAzR47WConfjG6l5tiG38Wcc41bz3KukJGybsosj9qV7DghtnInhQQoYDnDyZGUcC5onbjldNgFWewGbiUAZHQbJRcimLO29VnTxFHD6rdzbsYkmh6WNiX2WiQq6xgz8GZRW%2FOzlmJS7oBa8ukQ8oBBapw
2024-11-29,卢昱晓看预告片才知道不是自己声音,剧集 131038,/l?e=9296B8BZrdNIez5JDHKrhUNqecDKTfqCrMH9Z1NjoajuYNiOn8VHeO2ZpHDKAgytk%2FBAfXPl99Q16xYKrWGOdJKaZ0NNYU6ur4gf34%2FXUSkkGZZb1azSZLZB8ieBZiUcLTDDczUl6lKbsimmJksAa2ygs0s21ZZ6lGCPE8Tu9bKmRHe5wTNakDFDZ8efJOWMiflTWqJlVeCwgFwugL0fR7DG61zqde3DxDej71A6VsuoCGDOMh9BRcQhRiGPf3D6gS4CwA4ae8Gp0VpzFoLAZ8wCjU2NsWwJ8crL5d8bKnBKUOfHc%2F5wzLkRy3nBAeL%2BqwYOMl7iICUL%2BOBHBWmEi%2B%2FU%2FfH0HvqehDn9cipn9lwemOG30XUZtduzJyGzKBD%2Bm23E5%2Fqkd7bdZV6ICbhaV6FckXLv7JwLD%2FkVYhmEY0mFadZeMLHsiVvhExgqX2Kg340J
2024-11-29,孙艺珍为2岁儿子庆生,18.3万,/l?e=3ddc0ejJJVrvajcPBUKTNWm%2Bhkr%2FZPLdsiBk0IoTY5l3AzaAi4DB0Y8xLhmsqYV8CsD3tfMwl2%2FSrH%2BpJ2kQg8Qwtj2hzATCbhuEOwoVCajEDk6pMlCJSeZDEwT6f9QkWGvVScduv%2BNQs7sBYktuFeNa%2Bx2DD6FFUBNHICBtxXXl7as7Y%2FP2MyMvrfIpsa1CyEgPZAOqH5ZnbDyVKKSl%2BgL9qmbqd7HNpO%2F%2FCDKgB5SWY7ASd7Q7FboRwJcIGfqszfctjvi9OL3lijoIl1vFHPoVs3T2xLcH7iFxn7ava5d4yPGKWuzY0dSw4g
2024-11-29,田嘉瑞新剧民国版杀手不太冷,剧集 142358,/l?e=7ab3KKb1liiQujgz2M7rC9trUzF6HHx5tQbpEhs%2FirVBFKnFCv9c5gbtDWFiFtcQ0as0bR8qtmi8zDhVrIfHeBDSBfw2ZPyWKwuXQHbaYT6jAMFbg439MtwWcLeBwTjklmXTxFRhCgtSGVmZYEwNtWO%2FHiK1qxzb%2F3h4tS7tLzPQrYJKceAebxkZd2oXfwoIRqQseq6x%2FufNd1cGA%2B%2FJu%2BBQ89z46Ei1h0Ez%2F8jaWUqGlxCZFSX2VhwtD0ecMXznlC4KP9o6j37tntxC4n01B40hQ5RgdIDHqYG5vG5hyC6gmk5AM3pdDhAQezpmHgKos70Z5Ce7sD6b4tYlLsYv99eOe4f8YROJAyukUQVDADv4T%2Fa9YD%2Ba868bfFzPLjWJoSoKvmVn
2024-11-29,央财教授称股民套牢是好事,12.0万,/l?e=6eddED9LwyI2Tf9FGYDez75GXCcAjo3vYUoAvwU7HEY%2BoW46y49%2Bt4f8Srg3LbNmHFu90Hq8ctKM%2BXc2%2BCmAcnE0IGkAGTBCurFs1ch%2FlnALn7mVMgDgqAhr2iTZ1Tjos4YkKPS0bznr2aVY2T%2BVNW314r8Wg7V3r1Wldg5jeEOm4UpLDgI2YeAwSVteju6kgesjZif7xaoC1oStUTGrRIphzSxDvYblgCTbeeCSpQsBuIJ1T4RjICeuPNTffT60cKWcBeZnNV8H9BDpxdZyE%2FnNsrEG8Mt5kjyLPPs5MWx9aSk8XoGd9VaSOUwxK8cpSd5pKkKHQ9T2s%2Fn9LZVyMRGcKRWG3Hsi2I2PN38fsFjlWBmpXSZd
2024-11-29,看雪当然要去吉林啦,11.3万,/l?e=a6ecncGbWpgveNGyw2t7YUkcAJiL5NxtCT3%2B19BtEH3cs51hS%2FjgTbexdHBf7gUgz8fkndR8kyGcWbeaisX%2BUMLkXsoJxkKJA0phMybS21ZJqEClZ8lUTAoYekCtws46yjRzIRG6wwm4yt%2FSYmjpWWuWgBf3Pm5mjm9iFZ%2FVs80un47TW718fQWUMg3liydiMcrElVNTsKUhzN3%2BbYWB617uHlOwEFZBwC%2BuTByAgg82qWTQnHwnaidWR4cw6e9jxl61yYfjbMExIwfhbS8iInIxWK2o1RMgqo0KWG37Nr7S3gigIuPLSE5v
2024-11-29,筷子用不好可能会成为伤胃刺客,682.1万阅读 | @央视新闻,/l?e=fa68GEGjpMfMzlilBnJh7itqrk1iXGLWQPVEfmLfidPFEQbEcqXkDBDh5ME9aF5Jk7yqDLycX2H5KpZFtQ3n1ID%2BZMlB7PDkBH9rOoVNmjOKslB4yvuMmGCsKY36a8FCXpIUWcZe6iBcXMzfMQU%2F52mY6UNh17q4Pfp6hjav79cS%2BMOBY9jHOUws0aH3fxb0fjAdHZx7TQXZnac45cnsyaAlWZ3FIxqCXEddOdl73aYEiLWfU%2B2xGm5iwOz5dHbiVBeVLdbkK5ok%2Bef4DaCZUzrOE0ovswi%2FF%2BeDE0e3CtmLj6YEABYbsU5Tnx7%2Fa5KqBR%2FM4agzR%2Bk2ZThap3VgO5z%2BhqiDnfskA9ManoVaSqdWjlhGuxwN%2BidW9zTFs%2Fkt4fGegSXX29nMQCh5MLbCrTjDMBpN
2024-11-29,山东一金店被抢损失或超千万,2030.7万阅读 | @大象新闻,/l?e=dbbf%2FRAIwvj9EICBROTJfdM7IdkYRvfYVMKIdBUo%2BzoH0nYgYBglvO7g%2FwiTtj%2Frb5jBqjRh%2F6rXHwegN0nn%2FEASFFD7Jo%2Bpbfonmq2meczOuG1P9DpDmqQ8jutqzmNctxiyP8a5yISNTTmtK4HFgnpDzH58JYQuUJjEKn5NK7qA9mC3wHiY9uAWOLt3f8K1O1upcZccaaS3KWCA4oBmp%2BRbUvVrVKNGxSHX%2BnpTLqeH6YB7HmtTpMjOdMmUCDQ3W5UdDoRQlLektfVVqVYYnhCU9IGQRdVN%2BvKnzKX12r1R4v9Tzk5Tgz2%2BNpL5zVsxA%2BXn9qzFgCZvRE65zah7%2FXg29lW6yTQ8FZh3geonz%2BVxNNuEXcA3KDobjvu4eRLxMKtsjqlA
2024-11-29,张杰第一次平头,音乐 127235,/l?e=4d306pXt1zANfiM8qHPsM4KkFuhDtL85LK4ihjoy8VydZrltD1hm3n7aov00ldERR8RfJDg%2BrHI0deaPBz7Y7Mf1F9qzCUKIvyAzJoTQq1E1DSQln0RuCndW%2Brwz2SPenVHdceLamkHmTA6gqO2YLzXUR76NbgyhxPA%2BBubDrA1EF1UPNw1xvENq5VU8L9QZVKj02BXjez3NZhCKGE4WI9PZdPr8kQFXHARymsVOZVeN2ovxM%2BAp9Km4INmYXgGN2HrUy2GFR0IBdevP
2024-11-29,曾舜晞参加尖叫之夜,晚会 223911,/l?e=a8081xIOUTw1Qe6u9XW8NZZILRKm4YEg9Xmi3mFS%2BASO067vMCmjQNK%2BkC4elkX9e8xMnNIfjNteNPSFwIoNN5Xy7ALbU2xldMclLz1FrpryN3oE%2Fotbm37znyEbiYeGhUzJ6ITfe3%2BcSusF8hHF2s8C2hL0cFc8dDp0p%2FCc6xB9mthdZTWGgoVFBEnMVPEi3cCdcI9K%2FmJvWeL%2F1yoQ%2BTPM4jbimXfSRpxtFdeacV8izc8Wr2%2FCw9SoE0yawvlphvFxLO%2FbKeKhcEvsSmCBpE0R04f9tucoRNOyHn1rVvToGI1SeMJb4BGY
2024-11-29,关晓彤王安宇再现跳舞名场面,综艺 116507,/l?e=833f7Vrdo4AIGAehE4UoOO4GCK1qyGHYcT5FlX%2BgrzHYUZ6PhS2Xt6kdVWFhBbgnEwVS0QjeZqRkl5P9ClcDnd%2BzFKEhd%2FJ%2F95C1l0WWophTChfaj%2BMHWI5hhGdP0iucgreq0WRDd9%2FdObeliC3xX1PLO5cAz5q34D8FTHcvjTHYVJw5rHvyvIR%2FuMtQNYI1ZoJW1Cm%2FI%2BayxsJhcrqLH0HbqA6zwuPFNXKaXyVS0reEoQCmymHZSTVnprudnQiD4vAEJL6wx3FrFgeydNxFXk%2BEnjClc7Rzv3N%2FFe%2F%2FWy7xCnDlPXjzIqj2mBeOWXvaogXOhK9YY%2BbWU5i%2B6knq7r9EpgL9C9HLzWznWxyv0ExKFgB%2BYeQ7TfjEGY%2F%2FHvdyPkpOKJds
2024-11-29,妙趣横声一同框就是花式发糖,综艺 139199,/l?e=fc9emLeVFzSkJjd2Hbvt65YQRU0OrrKnOaF066JrhATtviYF0%2Bw7HynH34DiwQzZPnJRQ8jxXxjVTvvAr%2F6d3i6wfwiNnima3ZqcFFsqDlhtKcI%2Buye0xkRzksFHmb1cC1FPv2O3N6lV7KSj6k6SHJiE25E8aGjttHV%2B%2BCPG0hC8MBJb%2FY69HjV6ab4nnQFQj8MpRVoHp9TTSvUXr4hBfqzZomSteoRC36ZinunbsOGcO%2F5SfuyNTJhCyNIp%2FkiR3k98s2e5DnpeawMG5lfp7ztM8SL1EoGEUzs1YgTD5bRKCyQHDX2ZYKdCdj1NzCF1G%2BaGQ%2Ffq8yPOfwsrXHZb1Bydfa9ivrn1dc8CUC%2Fv3mVAHvSsvDukw09qTPO3oU%2BItxiJWLuB
2024-11-29,郑思维说国家队的恩情永远放在心里,11.4万,/l?e=6d36xUBR2AEjroRkF5R5yD8Uw0YicBfNZA1g%2FqtVKmkX7HQIm%2FL%2F0q0vHueHjUWzo9AbnHAA6NCSlcl6DfJ9BwXzbr1jg%2B8ZU3vGlce0m0OhS8tCkAV0GY0gxIEc7U5HbS1rmZgZHpg3dyIx1U%2FEM9JaX6dZom8jFXKSfY4xNRDBl3huv6gnELU3jOhACCw%2B0Xp%2FhZnlGtD3gXA0nZPkXkMFSCbI7uPkEDwW73oX0mtqQqSqqmY0aJoylGsOh1A6jvWAuHwKhPhLvjgjjhS6Cf%2F%2F7PQJDmtnoEh0YD6viDoZprGepzhcNYkwtiBSbhMKfe9eFy%2BD4jrlpBxXsMfsaTD%2BiRk%2BFInCJ3zwIl1lrtTwTck1q4ZF%2BfZsFxghshZg6F83HeI0RR%2Bw1rcqQThnXtE5CnarKwpj6lSF7ifCsML7K%2B%2BH1lAilX6RTKiLOcaeJxXr
2024-11-29,孟子义死脑快捡漏,12.3万,/l?e=b294UIKrd%2BE%2F6MI3LUFkcS9I50lA8GcvKxM%2FNvLVVrDh2x6%2F6TBFxhqsXbaAZ2xV0asLeWWCaxfivs7tVkyhuLX4qe4m3zPp11P%2F90Ig8%2BIgHFArjKF%2FL5Jy%2B39u0GQ%2BHr4cyynUgz8weOS8z5bpFFd6%2BAUkYvAVVlXuyO0wuTWl1icHCB7%2FkkfQdhkWMNAQxPctSj62FI7tb%2ByF%2B4lTT2uaK%2B%2ByoA4MIQqsnCcwLRyOnBwFUc8R1Z7PDYDO7pZi%2BGYhXjgNIdJPGT4l1mAy7PgaS4YNXMNuzgZy
2024-11-29,徐志胜 麦琳同款发箍,11.3万,/l?e=fcebl219uSQZtRog8jv5K7JkhnOw3vV6XUVWn5FEl66QhP9xyK9yWwF0wyFAAWhlPrN5QVdE0LO9brEGMJDrT0FJ7mayxjQQ%2FFuO13nc7ze6VobdbN7FMUtoVmLX9q3bNjVy71PNiYbFXtiJgNbJWghSfTSUWeLBMybHtuQ%2BaV%2FMbIh1%2BFZPiCI82pxmJYjbMnfEWnaFmWzCX9ph5MgNEwl8M%2F%2BsQUylqfxg9728PYPYLzxBcfrv4cB%2Fpky9PRmsnelk5%2Fur39EK8eqazs3sLvb4G1fUdjWNosKCZ6IBzEedcVi1zo3bMQcR%2FVUR
2024-11-29,影院观影过程中屏摄违法吗,302.5万阅读 | @新京报,/l?e=95a3NxRgQCirfqrON7rSKUz%2FO9CxF5syhkZCtCUY1alLgkgmgVKUABS7efREoqyf9ESkA%2FPjVQTgWGVyfGThGE3WPTv3wHYXjbbnrtyluYnJ86%2F2f3TAey578gRsFCKuvQZxWuveOcJbV65S%2FrKnc765Qb2ROdXgonKAhM06M5gOopDjVeAHqLI%2Bhv9GeWD5O1isuofSNrH4Xb3zn7OZemKmuhywxX7k%2B0hfewyjr2s48tUcvL45zfFrEq0EgYYz0cB%2F10QFDh2q3vX3tDdVV%2FqgfANOYYn2TOZ%2FspKPHKrVkhIUjq2lkYenIaSkpq%2FQ4RShm2P%2Fx0rCkI8a1CKkoyFKoo%2FQ6QqUiiERjq3IxrTVL2lsl8bN
2024-11-29,离婚律师每天接触到的都是麦琳李行亮,23.7万,/l?e=77can%2FWhe8LrxJLulprLKWUGc44nP9jqnW9Dul3b%2FUapMPk7OsRdkgg0Qqj2wbvX%2BJKT%2BR7PeieQv%2BGdjzIC8gDE0rtkgcD6lZfwAnliXd1Pwpnnvg%2FqS4KFi73gsoJRqv3a6Qb%2Btd12JS6gjEKLbD7xBgPEi1JdF%2BJvulMJhEVE5f7vyNRP0y1KtAzbeon3lA5wAk38Esyz8%2BfJZWW2mqq1YHQxXLUvsOebX43ZLSbJeM9xgy5%2B9CTX5EJ4AXxP13%2FReBtHn1vcOg1oH782BAHmUZ8%2Fh3OyBQSk0TrNlAX6A297n87AJ8nH8mh9y6ib5P5wPK32PZmWdD5Y2w3h0Rt6AD%2FB7N0XAtfI52WVuqYUfzkGpiAzQN0MnnvEojcZ6kD%2BZQyyy7evODrLEel9l4WUO9GL%2B6eZbIas%2BkpPj6WClpIfYSdQdp1GZE19wO4h9pWvKENnnEWk3KTD%2FvLK8KMD
2024-11-29,Ador代表希望闵熙珍回归,21.1万,/l?e=1265N5zgyPTqSis56EUuJexM5tsM2wV1cAyv9psH08lgp5PW8sXi3E7oqU3DUif3J8KhBGHu3MLOlxbItYzHB3NfbWLiXGp5RdbysLugFG%2B9hCcCAaIfhj9hYEeN35dBgv%2BgxYR%2BW2MJIXxDPEti6ZoRuWsVsOEe5vdoUTEGaPy4KsZm1LXN5nVp%2BlQXgTHJmGG2OUzQWpOlx%2BPx4IwlsEheewEUWspCG%2BF3R6f6NRuab3uRZIgT44%2BNUCqDKws%2BcVj5PeGX5t4TV2Kqal3F8%2BPEQ0BVaTkGhGlth9RUeFe7iDxRZBKzDAl%2BWMD9nw
2024-11-29,成毅参加尖叫之夜,晚会 172028,/l?e=5313lADaZzZIuM4i4THsfKehMykY4%2BunjLKOR91137gq39um7LEpu9vDdmsjW%2BlFiId%2B0Af0f3vCC0I6mDekPO1CZ1zMWyGugyVLbLMI42MhKjlI8EfXWDlyhY9Bqje9f65NhW7VupH5Gn3M7%2BfDXQdR87dCOwUQ9o%2FqFAYN02Dozn%2B4j%2ByDFZrLPORKlauXwtdUl1fnN0UiVBEDwfMmfwyd5vJ6ks%2F3U5xEqp334%2FiN3KVoy%2FRDMp1AfWN24H4i11dQ4g3X%2BYcuzGUuK%2F%2BRh0TKyVFfBAjKF99Q
2024-11-29,李雪琴剧宣有两个男主,综艺 115536,/l?e=24eduCc6yzMM6dxRQx2C9a2WK5DxmsVqVHGkKKqHU4J6PF5tHDIsWSBQetHJg2Twn8AMa29E2aLRa6DNRKbGiOEzx7NtSg2uCPp0uhw6lDkRmgaJnmfi2m0SAEIzWjmJXEaiuvppzLmO%2BESldxheP54I1H0kWB%2FM%2BD5gVibJZ%2BC9lQafg%2BmcEgBYu%2FoJlCT3uZT697AUb0F0R15Vv5zSaZG2je6Lrsn%2Bc6WqsZP4a3pmaYA4VeIBq4mj65ekAn3Gsh23CXOy3r7Rtlf1vU6lcp4AnTkMLWgLCyzXZKIPPK9dPxrdTx6JqHt3y5zwOT6O3YWEt9pNrkMQ
2024-11-29,17名男女KTV聚众吸毒被一锅端,3362.0万阅读 | @九派新闻,/l?e=97cc40i%2F5nQWZxkYw4eBVrjPBiYn0ErCkfkA2dzXvSE043oaymq9GNzz2rThNhOMrtnwHd3PbNyeA2GcjT15%2BE1asURBjZCMXnuReprU2HXPO3%2FW1xZGhmGyOS3pg%2Bh0xLg%2BuS42tWZdgraydfgTaD0QJrhZepxp2GPkaV9sHnhG%2Fza%2F7uSb%2Fbujgr6U4kPBou8gPmvfsT6YOhkAB1PxQooNGgXeAW6Xe2jkH8h1zHfV%2BXwUYdv7%2FX1jT1fFX1J3MiJFnIY4x9O958OQ3%2Fr7%2FfNUlyVFZvOC845%2FM%2BZi%2FvU99wVJYq%2BtOYgTTae5lHfw8HKYBBULJ84KcJtUVVuS3h5URzmseDjPrZk%2FMfs
2024-11-29,你家的筷子多久没换了,1000.9万阅读 | @央视新闻,/l?e=95b8ED9cDdelBMp287mwzrMdBdekZ4iCbn48QVUkgiipSzZyOFl1Kef4wCEsJCjw9ZQLU29jUL4HRuxf5RrJ1Aauz%2BEJG9fusyLoBFBCGf%2F0i6CwDwSw8gyVk2x6IA6wp%2FVW7f66Kn26zKE9ep6oYj9yNnY3SRNVoBMMeV5gdLi7BcMcoX2MXu6kPG%2B90qL873hQcYbQ%2FXMUgqvQrG35v%2BFY7TdX0Mb%2FIy8hc1eIDNk2Qg2cQrWFT%2FuENtusv8GJMbu9x6I3GLKXNIeWp5%2BU%2BR20hdFwxysZ%2Btw%2Bxd4%2B92dh6itnNoOZstcGS4Tr56TODl%2FVXrDEW8Wq
2024-11-29,普京称或用榛树导弹打击乌决策中心,295.3万阅读 | @CCTV国际时讯,/l?e=14291KgS%2BiSZoQOOoafmNv5lQSrs2lEuKKh9RpPljf5LP6F8ueRkofCe8iI0gx30PVfnBNZ5UjKQFEewzNFA%2Be2Pqy6gzlKIOVccVFhUgsPiF6y5kghBlALaQODB4%2B6eg9SS8%2BE%2F80Fm4xcxI4QooPVeplVAjItf0a%2FiELtLYWuvEu%2BbmP9CpM3PqMrdVQMFnsCKT3tZBYjGopg4azKi3BWnW%2FnQRBd0wGFFBxOa9W3JZup1X00DPiX%2FjjCPO3Af%2F64G2SRWyEWbkX%2BPca9VdkHM51ouicCA7%2BLoG0s7YzNYpcP9vBsrFYaYdBq24VsCjlCn8PJ7sPz4BbW8c36JxLCw1N96OQeKuN6YwBLV%2BRRREr1VZYU46T3U1LLpr71%2FqnNs7NARHq5my0EFGOk8lD99szRHBCXR%2Bg6TvpT1yMCsNMSCNuWS370nIUVHctzC4PYw
2024-11-29,专家称野猪已是危害最大的野生动物,362.6万阅读 | @红星新闻,/l?e=ef88HXqmvc1DTi2PO3T8mCyMcOPKul81xwgyPg%2FkheL3Te6V5PytuyZxnnhSx1hWEzuYUVkx5AYc43qHS%2FuqypdIZgASfhkPnztFLOsKlW2nGATNEql9%2FxCg1NaYmNCYuVNda52TEojT8dMWPvdJCNQYId1zFmP5KZ%2BHdSbjiPWl0BHyBZKJcjmjyisgMYv6x2pgsMaj4GamaDmosfTspesX1H9kSkteY8dmil%2FTUeIlTyLc69NmF6UcGHb2uhvv88pihh6owPnPTm7VC%2BDNojDrW3yfPvdU%2B6Pc0CNLZBv1Pk3H5MyubT2Qs5laQFD4LrRBbewkVncFSZSRoFj6xRyzx%2FverIwC%2FffqhuHIckVXT2hi%2F6S71JzA%2BXOcWGMJfqhF8gRUj4dWcQSTizjXLDCsAYvBDNFAvNly96%2B%2BP0wwqoEwFuumsdstvNHEULtboRP5
2024-11-29,王海质疑李行亮麦琳争议为剧本,13.4万,/l?e=adb8kvy5F6e%2FN8PxEKjpKc8BacYiOJxhzKgCGaHuf%2B9sIoKFcUzyTcd5yuUb3hhZlKa9YLx9xrMfRrVBjGKHIwNpK8PFhQH2%2FfJ9r41fH7Yh%2BTzThXv%2F4dVDuBd%2BcQo6zfmNhbPUQ4gWy8LJWAGi6GXAdntziOiVuW5GIjQkMF3dMHs7LC94KrzuT%2F4jh%2BZWL5n8BBS%2BbbsI1PTAPpB6ulbSPhDfTmWzvoB4eyarAH0UedxYBhTZMmpki6ZUB7nLXOJrjADYWN%2B10E3vOXuZwqov1gxzLVPq8bTE%2Fiawtm5DG6vZDaEVzxR%2Bs1iOSGC2kOulhtUyFQIXfKNEzBELHsyqjlyP6LOjJJY5WgVIdMcRlgeN4HC5NLcmTD1UXLm%2BACmcaxNmZXoFMXzNrOxfBUc7q1N3
2024-11-29,腾讯黑色沙漠手游停运,13.7万,/l?e=b388vspJkiMpj%2FSefkFF8snWjSqGv3eSzkoG%2BggoZnEY5nwNf9A7pA54kI%2BCSyhiFDpN49YxKmdhdbiNpEPEwV5UABlBpjKRokeZ65lHkJIF2yyFd%2FToJBiXmE%2FvvMDUfwq3ucLAbldWKdK3bjXMqp6BhiYlI63nGzOmag0TagzKqqyOMts40FrcsZW4GGU%2FeUDEwVfOwL20jiaczm4Oq0r41KX2rJcHhsqk9HIrASNKR3q%2Fp3jq%2Fz2MadRBYq5bDmuYcupockzY8agJDgWO%2BHEQ5bUCX6%2FEte7BKa4JvgIHtelYwroKw8yLl%2FcP7huk7lBQTcrQeH3F
2024-11-29,老瓦杯海报马龙C位,21.3万,/l?e=6744iycdCmwG0%2F%2Br4WaTRL%2FB3M9cUAZs8x5QKJhF5E4cjJVRRQEbvAFC9VRxlAC0Im%2FrAQ7gNW9m21TJQS7y%2FT%2BZkbPQ7r3b8teIPiuEqUntnAcVj3kjjlcjgDiNG04v3LNZ%2Bqg5EvMa3Sp%2FPMfQCAjlU7aGhLkD0BdaVgg7Gnxf0dyTXxhBn3vFFqielOrRar3oDeQAHFz8TWUrfofKQsvRMV%2F%2BAujwy57f2mB7Enwvtv0snv8vQoVCTo89lyAB7FIHFJXu9ues%2FBHAOT6E2TN7yhcL4CXPhuxv6Q
